[{"id":116,"name":"Экология","text":"Экология","deprecated":false,"editDate":1528385960029,"author":"asko"},{"id":117,"name":"Технологическое оборудование","text":"Технологическое оборудование","deprecated":false,"editDate":1528385960033,"author":"asko"},{"id":118,"name":"Инженерия","text":"Инженерия","deprecated":false,"editDate":1528385960038,"author":"asko"},{"id":5,"name":"NAME1","text":"NAME1","editDate":1533051758308,"author":"Anonimus"},{"id":142,"name":"Внешняя и внутренняя реклама","text":"Реклама в магазине \\ Внешняя и внутренняя реклама","deprecated":false,"editDate":1528385960138,"author":"asko"},{"id":210,"name":"Технологическое оборудование","deprecated":false,"editDate":1528385959997,"author":"asko"}]