{"content":[{"id":-1,"location":"default location","externalId":"default","buildingName":"default building name"},{"id":-2,"location":"default location","externalId":"default","buildingName":"default building name"},{"id":4,"location":"Барклая 24","buildingName":"buildingName - вот это поле в качестве ключа при создании asko ticket-a"},{"id":5,"location":"Изумрудная 14","buildingName":"buildingName - вот это поле в качестве ключа при создании asko ticket-a"},{"id":1,"location":"152 Скотопрогонная ул. 13","buildingName":"buildingName - вот это поле в качестве ключа при создании asko ticket-a"},{"id":2,"location":"256 Бинарная ул. 16","buildingName":"buildingName - вот это поле в качестве ключа при создании asko ticket-a"}],"last":true,"totalElements":6,"totalPages":1,"size":20,"number":0,"numberOfElements":6,"first":true}