[{"id":116,"name":"Экология","text":"Экология","children":[{"id":119,"name":"Уборка помещений и прилегающей территории","text":"Экология \\ Уборка помещений и прилегающей территории","children":[{"id":146,"name":"Уборка прилегающей территории","text":"Экология \\ Уборка помещений и прилегающей территории \\ Уборка прилегающей территории","services":[{"id":2782,"name":"Отсутствие уборки прилегающей территории","parentId":146,"parentName":"Уборка прилегающей территории","editDate":1528385960695,"author":"asko"},{"id":2785,"name":"Вывоз снега с территории с погрузкой в бункер (количество м3 снега)","parentId":146,"parentName":"Уборка прилегающей территории","editDate":1528385960695,"author":"asko"},{"id":2786,"name":"Посадка кустарников","parentId":146,"parentName":"Уборка прилегающей территории","editDate":1528385960695,"author":"asko"},{"id":2787,"name":"Бункер для вывоза снега 8 куб.м.","parentId":146,"parentName":"Уборка прилегающей территории","editDate":1528385960695,"author":"asko"},{"id":2788,"name":"Промывка фасадов (в том числе - мойка вывесок без применения моющих средств)","parentId":146,"parentName":"Уборка прилегающей территории","editDate":1528385960695,"author":"asko"},{"id":2789,"name":"Промывка фасадов (в том числе - мойка вывесок с применением моющих средств)","parentId":146,"parentName":"Уборка прилегающей территории","editDate":1528385960695,"author":"asko"},{"id":2790,"name":"Удаление граффити с фасада здания с применением специализированных средств","parentId":146,"parentName":"Уборка прилегающей территории","editDate":1528385960695,"author":"asko"},{"id":2791,"name":"Очистка кровли от листвы и др. Мусора","parentId":146,"parentName":"Уборка прилегающей территории","editDate":1528385960695,"author":"asko"},{"id":2792,"name":"Поставка песко-соляной смеси","parentId":146,"parentName":"Уборка прилегающей территории","editDate":1528385960695,"author":"asko"},{"id":2793,"name":"Очистка кровли от снега и наледи","parentId":146,"parentName":"Уборка прилегающей территории","editDate":1528385960695,"author":"asko"},{"id":2794,"name":"Санитарная обрезка кустарников","parentId":146,"parentName":"Уборка прилегающей территории","editDate":1528385960695,"author":"asko"},{"id":2795,"name":"Уборка и содержание прилегающей территории от снега с использованием механизированных средств","parentId":146,"parentName":"Уборка прилегающей территории","editDate":1528385960695,"author":"asko"},{"id":2796,"name":"Промывка твердого покрытия мест размещения контейнеров ТБО, мест установки бункеров","parentId":146,"parentName":"Уборка прилегающей территории","editDate":1528385960695,"author":"asko"}],"deprecated":false,"editDate":1528385960154,"author":"asko"},{"id":147,"name":"Уборка помещений","text":"Экология \\ Уборка помещений и прилегающей территории \\ Уборка помещений","services":[{"id":2797,"name":"Отсутствие уборки помещений","parentId":147,"parentName":"Уборка помещений","editDate":1528385960695,"author":"asko"},{"id":2798,"name":"Отсутствие моющих средств","parentId":147,"parentName":"Уборка помещений","editDate":1528385960695,"author":"asko"},{"id":2799,"name":"Отсутствие инвентаря, необходимого для уборки","parentId":147,"parentName":"Уборка помещений","editDate":1528385960695,"author":"asko"},{"id":2800,"name":"Отмывка внутренних и внешних сторон окон","parentId":147,"parentName":"Уборка помещений","editDate":1528385960695,"author":"asko"},{"id":2801,"name":"Генеральная уборка помещений","parentId":147,"parentName":"Уборка помещений","editDate":1528385960695,"author":"asko"},{"id":2802,"name":"Разовое предоставление поломоечной машины с применением специализированных средств","parentId":147,"parentName":"Уборка помещений","editDate":1528385960695,"author":"asko"},{"id":2803,"name":"Разовое предоставление роторной  машины с применением специализированных средств","parentId":147,"parentName":"Уборка помещений","editDate":1528385960695,"author":"asko"}],"deprecated":false,"editDate":1528385960159,"author":"asko"}],"deprecated":false,"editDate":1528385960042,"author":"asko"},{"id":120,"name":"Вывоз мусора","text":"Экология \\ Вывоз мусора","children":[{"id":143,"name":"Нарушение графика вывоза мусора","text":"Экология \\ Вывоз мусора \\ Нарушение графика вывоза мусора","services":[{"id":2781,"name":"Нет вывоза ТБО","parentId":143,"parentName":"Нарушение графика вывоза мусора","editDate":1528385960695,"author":"asko"}],"deprecated":false,"editDate":1528385960141,"author":"asko"},{"id":144,"name":"Ремонт и дезинфекция контейнера","text":"Экология \\ Вывоз мусора \\ Ремонт и дезинфекция контейнера","services":[{"id":2780,"name":"Cломана крышка контейнера","parentId":144,"parentName":"Ремонт и дезинфекция контейнера","editDate":1528385960695,"author":"asko"},{"id":2783,"name":"У контейнера сломаны (отвалились) колеса","parentId":144,"parentName":"Ремонт и дезинфекция контейнера","editDate":1528385960695,"author":"asko"},{"id":2784,"name":"Контейнер проржавел","parentId":144,"parentName":"Ремонт и дезинфекция контейнера","editDate":1528385960695,"author":"asko"}],"deprecated":false,"editDate":1528385960146,"author":"asko"},{"id":145111111111111,"name":"Заказ дополнительного вывоза мусора","text":"Экология \\ Вывоз мусора \\ Заказ дополнительного вывоза мусора","services":[],"deprecated":false,"editDate":1528385960151,"author":"asko"}],"deprecated":false,"editDate":1528385960045,"author":"asko"},{"id":121,"name":"Дератизация, Дезинсекция, Дезинфекция","text":"Экология \\ Дератизация, Дезинсекция, Дезинфекция","children":[{"id":148,"name":"Уничтожение грызунов и насекомых, Дезинфекция","text":"Экология \\ Дератизация, Дезинсекция, Дезинфекция \\ Уничтожение грызунов и насекомых, Дезинфекция","services":[{"id":2804,"name":"Уничтожение грызунов","parentId":148,"parentName":"Уничтожение грызунов и насекомых, Дезинфекция","editDate":1528385960695,"author":"asko"},{"id":2805,"name":"Уничтожение тараканов","parentId":148,"parentName":"Уничтожение грызунов и насекомых, Дезинфекция","editDate":1528385960695,"author":"asko"},{"id":2806,"name":"Уничтожение мух","parentId":148,"parentName":"Уничтожение грызунов и насекомых, Дезинфекция","editDate":1528385960695,"author":"asko"},{"id":2807,"name":"Уничтожение блох","parentId":148,"parentName":"Уничтожение грызунов и насекомых, Дезинфекция","editDate":1528385960695,"author":"asko"},{"id":2808,"name":"Уничтожение клопов","parentId":148,"parentName":"Уничтожение грызунов и насекомых, Дезинфекция","editDate":1528385960695,"author":"asko"},{"id":2809,"name":"Уничтожение муравьев","parentId":148,"parentName":"Уничтожение грызунов и насекомых, Дезинфекция","editDate":1528385960695,"author":"asko"},{"id":2810,"name":"Уничтожение комаров","parentId":148,"parentName":"Уничтожение грызунов и насекомых, Дезинфекция","editDate":1528385960695,"author":"asko"},{"id":2811,"name":"Проведение дезинфекции","parentId":148,"parentName":"Уничтожение грызунов и насекомых, Дезинфекция","editDate":1528385960695,"author":"asko"}],"deprecated":false,"editDate":1528385960163,"author":"asko"}],"deprecated":false,"editDate":1528385960049,"author":"asko"},{"id":122,"name":"Вывоз ртутьсодержащих ламп","text":"Экология \\ Вывоз ртутьсодержащих ламп","children":[{"id":151,"name":"Вывоз ртутьсодержащих ламп","text":"Экология \\ Вывоз ртутьсодержащих ламп \\ Вывоз ртутьсодержащих ламп","services":[{"id":2814,"name":"Требуется вывезти отработанные люминесцентные лампы","parentId":151,"parentName":"Вывоз ртутьсодержащих ламп","editDate":1528385960695,"author":"asko"}],"deprecated":false,"editDate":1528385960176,"author":"asko"}],"deprecated":false,"editDate":1528385960058,"author":"asko"},{"id":123,"name":"Вторсырье","text":"Экология \\ Вторсырье","children":[{"id":149,"name":"Нарушение графика вывоза вторсырья","text":"Экология \\ Вторсырье \\ Нарушение графика вывоза вторсырья","services":[{"id":2813,"name":"Нет вывоза вторичного сырья","parentId":149,"parentName":"Нарушение графика вывоза вторсырья","editDate":1528385960695,"author":"asko"}],"deprecated":false,"editDate":1528385960167,"author":"asko"},{"id":150,"name":"Заказ дополнительного вывоза вторсырья","text":"Экология \\ Вторсырье \\ Заказ дополнительного вывоза вторсырья","services":[{"id":2812,"name":"Требуется дополнительный вывоз вторсырья","parentId":150,"parentName":"Заказ дополнительного вывоза вторсырья","editDate":1528385960695,"author":"asko"}],"deprecated":false,"editDate":1528385960172,"author":"asko"}],"deprecated":false,"editDate":1528385960061,"author":"asko"},{"id":124,"name":"Замена ковриков","text":"Экология \\ Замена ковриков","children":[{"id":153,"name":"Замена ковриков","text":"Экология \\ Замена ковриков \\ Замена ковриков","services":[{"id":2815,"name":"Отсутствие замены ковровых покрытий (не приезжает машина)","parentId":153,"parentName":"Замена ковриков","editDate":1528385960695,"author":"asko"},{"id":2817,"name":"Требуется изменить график замены или количество ковровых покрытий","parentId":153,"parentName":"Замена ковриков","editDate":1528385960695,"author":"asko"}],"deprecated":false,"editDate":1528385960184,"author":"asko"}],"deprecated":false,"editDate":1528385960066,"author":"asko"},{"id":125,"name":"Отлов птиц","text":"Экология \\ Отлов птиц","children":[{"id":152,"name":"Отлов птиц","text":"Экология \\ Отлов птиц \\ Отлов птиц","services":[{"id":2816,"name":"Отлов птиц","parentId":152,"parentName":"Отлов птиц","editDate":1528385960695,"author":"asko"}],"deprecated":false,"editDate":1528385960180,"author":"asko"}],"deprecated":false,"editDate":1528385960071,"author":"asko"}],"deprecated":false,"editDate":1528385960029,"author":"asko"},{"id":117,"name":"Технологическое оборудование","text":"Технологическое оборудование","children":[{"id":134,"name":"Кассовый стол и гидаж","text":"Технологическое оборудование \\ Кассовый стол и гидаж","children":[{"id":179,"name":"Кассовый стол (педаль, лента транспортера)","text":"Технологическое оборудование \\ Кассовый стол и гидаж \\ Кассовый стол (педаль, лента транспортера)","services":[{"id":2881,"name":"Сломана педаль","parentId":179,"parentName":"Кассовый стол (педаль, лента транспортера)","editDate":1528385960696,"author":"asko"},{"id":2882,"name":"Не крутится транспортёрная лента","parentId":179,"parentName":"Кассовый стол (педаль, лента транспортера)","editDate":1528385960696,"author":"asko"},{"id":2883,"name":"Сломана кнопка кассы","parentId":179,"parentName":"Кассовый стол (педаль, лента транспортера)","editDate":1528385960696,"author":"asko"},{"id":2884,"name":"Сломана защита сканера","parentId":179,"parentName":"Кассовый стол (педаль, лента транспортера)","editDate":1528385960696,"author":"asko"},{"id":2885,"name":"Касса бьёт током","parentId":179,"parentName":"Кассовый стол (педаль, лента транспортера)","editDate":1528385960696,"author":"asko"}],"deprecated":false,"editDate":1528385960321,"author":"asko"},{"id":180,"name":"Турникеты, гидаж","text":"Технологическое оборудование \\ Кассовый стол и гидаж \\ Турникеты, гидаж","services":[{"id":2886,"name":"Шатаются стойки ограждения","parentId":180,"parentName":"Турникеты, гидаж","editDate":1528385960696,"author":"asko"},{"id":2887,"name":"Шатается вертушка(калитка)","parentId":180,"parentName":"Турникеты, гидаж","editDate":1528385960696,"author":"asko"},{"id":2888,"name":"Не работает вертушка","parentId":180,"parentName":"Турникеты, гидаж","editDate":1528385960696,"author":"asko"},{"id":2889,"name":"Не работает калитка","parentId":180,"parentName":"Турникеты, гидаж","editDate":1528385960696,"author":"asko"},{"id":2890,"name":"Необходимо закрепить отбойники ХО","parentId":180,"parentName":"Турникеты, гидаж","editDate":1528385960696,"author":"asko"},{"id":2891,"name":"Вывалились перекладины из стоек","parentId":180,"parentName":"Турникеты, гидаж","editDate":1528385960696,"author":"asko"}],"deprecated":false,"editDate":1528385960325,"author":"asko"}],"deprecated":false,"editDate":1528385960108,"author":"asko"},{"id":135,"name":"Тепловое оборудование","text":"Технологическое оборудование \\ Тепловое оборудование","children":[{"id":181,"name":"Печь для выпечки","text":"Технологическое оборудование \\ Тепловое оборудование \\ Печь для выпечки","services":[{"id":2892,"name":"Печь не работает","parentId":181,"parentName":"Печь для выпечки","editDate":1528385960696,"author":"asko"},{"id":2893,"name":"Печь издаёт посторонние звуки","parentId":181,"parentName":"Печь для выпечки","editDate":1528385960696,"author":"asko"},{"id":2894,"name":"Разбито стекло на двери","parentId":181,"parentName":"Печь для выпечки","editDate":1528385960696,"author":"asko"}],"deprecated":false,"editDate":1528385960330,"author":"asko"},{"id":182,"name":"Расстойная камера","text":"Технологическое оборудование \\ Тепловое оборудование \\ Расстойная камера","services":[{"id":2895,"name":"Расстойка не работает","parentId":182,"parentName":"Расстойная камера","editDate":1528385960696,"author":"asko"}],"deprecated":false,"editDate":1528385960333,"author":"asko"},{"id":183,"name":"Тепловая витрина","text":"Технологическое оборудование \\ Тепловое оборудование \\ Тепловая витрина","services":[{"id":2896,"name":"Витрина не работает","parentId":183,"parentName":"Тепловая витрина","editDate":1528385960696,"author":"asko"}],"deprecated":false,"editDate":1528385960337,"author":"asko"},{"id":185,"name":"Гриль","text":"Технологическое оборудование \\ Тепловое оборудование \\ Гриль","services":[{"id":2897,"name":"Курица готовится долго","parentId":185,"parentName":"Гриль","editDate":1528385960696,"author":"asko"},{"id":2898,"name":"Сгорели тэны в Гриле","parentId":185,"parentName":"Гриль","editDate":1528385960696,"author":"asko"},{"id":2899,"name":"Разбито стекло на двери","parentId":185,"parentName":"Гриль","editDate":1528385960696,"author":"asko"},{"id":2900,"name":"Гриль не крутится","parentId":185,"parentName":"Гриль","editDate":1528385960696,"author":"asko"}],"deprecated":false,"editDate":1528385960345,"author":"asko"}],"deprecated":false,"editDate":1528385960111,"author":"asko"},{"id":136,"name":"Банковское оборудование","text":"Технологическое оборудование \\ Банковское оборудование","children":[{"id":184,"name":"Сейфы","text":"Технологическое оборудование \\ Банковское оборудование \\ Сейфы","services":[{"id":2901,"name":"Потеряли один ключ","parentId":184,"parentName":"Сейфы","editDate":1528385960696,"author":"asko"},{"id":3000,"name":"Потеряли все ключи","parentId":184,"parentName":"Сейфы","editDate":1528385960698,"author":"asko"},{"id":3001,"name":"Ключ сломан в замке (сейф Закрыт)","parentId":184,"parentName":"Сейфы","editDate":1528385960698,"author":"asko"},{"id":3002,"name":"Ключ сломан в замке (сейф Открыт)","parentId":184,"parentName":"Сейфы","editDate":1528385960698,"author":"asko"},{"id":3003,"name":"Не работает замок (нельзя Закрыть)","parentId":184,"parentName":"Сейфы","editDate":1528385960698,"author":"asko"},{"id":3004,"name":"Не работает замок (нельзя открыть)","parentId":184,"parentName":"Сейфы","editDate":1528385960698,"author":"asko"}],"deprecated":false,"editDate":1528385960341,"author":"asko"},{"id":186,"name":"Счётчик купюр","text":"Технологическое оборудование \\ Банковское оборудование \\ Счётчик купюр","services":[{"id":2902,"name":"Не работает счётчик купюр","parentId":186,"parentName":"Счётчик купюр","editDate":1528385960696,"author":"asko"}],"deprecated":false,"editDate":1528385960349,"author":"asko"},{"id":187,"name":"Счётчик монет","text":"Технологическое оборудование \\ Банковское оборудование \\ Счётчик монет","services":[{"id":2903,"name":"Не работает счетчик монет","parentId":187,"parentName":"Счётчик монет","editDate":1528385960696,"author":"asko"}],"deprecated":false,"editDate":1528385960353,"author":"asko"},{"id":188,"name":"Детектор купюр","text":"Технологическое оборудование \\ Банковское оборудование \\ Детектор купюр","services":[{"id":2904,"name":"Перегорела лампочка в детекторе","parentId":188,"parentName":"Детектор купюр","editDate":1528385960696,"author":"asko"}],"deprecated":false,"editDate":1528385960358,"author":"asko"}],"deprecated":false,"editDate":1528385960115,"author":"asko"},{"id":137,"name":"Инженерное оборудование","text":"Технологическое оборудование \\ Инженерное оборудование","children":[{"id":189,"name":"Пресс","text":"Технологическое оборудование \\ Инженерное оборудование \\ Пресс","services":[{"id":2905,"name":"Пресс не пресует","parentId":189,"parentName":"Пресс","editDate":1528385960697,"author":"asko"},{"id":2906,"name":"Течет масло","parentId":189,"parentName":"Пресс","editDate":1528385960697,"author":"asko"},{"id":2907,"name":"Сломана кнопка","parentId":189,"parentName":"Пресс","editDate":1528385960697,"author":"asko"},{"id":2908,"name":"Работает при открытой дверце","parentId":189,"parentName":"Пресс","editDate":1528385960697,"author":"asko"}],"deprecated":false,"editDate":1528385960361,"author":"asko"},{"id":190,"name":"Тепловая завеса","text":"Технологическое оборудование \\ Инженерное оборудование \\ Тепловая завеса","services":[{"id":2909,"name":"Нет тепла от тепловой завесы","parentId":190,"parentName":"Тепловая завеса","editDate":1528385960697,"author":"asko"},{"id":2910,"name":"Тепловая завеса издает посторонние звуки/запахи","parentId":190,"parentName":"Тепловая завеса","editDate":1528385960697,"author":"asko"},{"id":2911,"name":"Требуется закрепить тепловую завесу","parentId":190,"parentName":"Тепловая завеса","editDate":1528385960697,"author":"asko"}],"deprecated":false,"editDate":1528385960366,"author":"asko"}],"deprecated":false,"editDate":1528385960119,"author":"asko"},{"id":138,"name":"Подъемные и передвижные механизмы","text":"Технологическое оборудование \\ Подъемные и передвижные механизмы","children":[{"id":191,"name":"Эскалатор, лифт, подъемник","text":"Технологическое оборудование \\ Подъемные и передвижные механизмы \\ Эскалатор, лифт, подъемник","services":[{"id":2912,"name":"Сломана кнопка лифта","parentId":191,"parentName":"Эскалатор, лифт, подъемник","editDate":1528385960697,"author":"asko"},{"id":2913,"name":"Лифт не поднимает / не опускает","parentId":191,"parentName":"Эскалатор, лифт, подъемник","editDate":1528385960697,"author":"asko"},{"id":2914,"name":"Лифт не поднимает вес","parentId":191,"parentName":"Эскалатор, лифт, подъемник","editDate":1528385960697,"author":"asko"},{"id":2915,"name":"Лифт работает с открытой дверцей","parentId":191,"parentName":"Эскалатор, лифт, подъемник","editDate":1528385960697,"author":"asko"},{"id":2916,"name":"Необходим ремонт ограждений(дверок)","parentId":191,"parentName":"Эскалатор, лифт, подъемник","editDate":1528385960697,"author":"asko"}],"deprecated":false,"editDate":1528385960370,"author":"asko"},{"id":192,"name":"Роклы","text":"Технологическое оборудование \\ Подъемные и передвижные механизмы \\ Роклы","services":[{"id":2920,"name":"Сломано колесо роклы","parentId":192,"parentName":"Роклы","editDate":1528385960697,"author":"asko"},{"id":2921,"name":"Рокла не поднимает вес","parentId":192,"parentName":"Роклы","editDate":1528385960697,"author":"asko"},{"id":2922,"name":"Погнута рама роклы","parentId":192,"parentName":"Роклы","editDate":1528385960697,"author":"asko"}],"deprecated":false,"editDate":1528385960374,"author":"asko"},{"id":193,"name":"Пассажирские лифты","text":"Технологическое оборудование \\ Подъемные и передвижные механизмы \\ Пассажирские лифты","services":[{"id":2923,"name":"Лифт не поднимает / не опускает","parentId":193,"parentName":"Пассажирские лифты","editDate":1528385960697,"author":"asko"},{"id":2924,"name":"Сломана кнопка лифта","parentId":193,"parentName":"Пассажирские лифты","editDate":1528385960697,"author":"asko"},{"id":2925,"name":"Лифт издает посторонние звуки","parentId":193,"parentName":"Пассажирские лифты","editDate":1528385960697,"author":"asko"},{"id":2927,"name":"Застрял пассажир","parentId":193,"parentName":"Пассажирские лифты","editDate":1528385960697,"author":"asko"}],"deprecated":false,"editDate":1528385960378,"author":"asko"},{"id":194,"name":"Электроштабеллеры, Ричтраки, электропаллетоперевозчики","text":"Технологическое оборудование \\ Подъемные и передвижные механизмы \\ Электроштабеллеры, Ричтраки, электропаллетоперевозчики","services":[{"id":2917,"name":"Штабелёр не поднимает вес","parentId":194,"parentName":"Электроштабеллеры, Ричтраки, электропаллетоперевозчики","editDate":1528385960697,"author":"asko"},{"id":2918,"name":"Сломано колесо Штабелёра","parentId":194,"parentName":"Электроштабеллеры, Ричтраки, электропаллетоперевозчики","editDate":1528385960697,"author":"asko"},{"id":2919,"name":"Погнута рама Штабелёра","parentId":194,"parentName":"Электроштабеллеры, Ричтраки, электропаллетоперевозчики","editDate":1528385960697,"author":"asko"}],"deprecated":false,"editDate":1528385960381,"author":"asko"},{"id":195,"name":"Грузовой подъёмник","text":"Технологическое оборудование \\ Подъемные и передвижные механизмы \\ Грузовой подъёмник","services":[{"id":2926,"name":"Подъёмник не поднимает / не опускает","parentId":195,"parentName":"Грузовой подъёмник","editDate":1528385960697,"author":"asko"},{"id":2928,"name":"Сломана кнопка подъёмника","parentId":195,"parentName":"Грузовой подъёмник","editDate":1528385960697,"author":"asko"},{"id":2929,"name":"Необходим ремонт механических повреждений","parentId":195,"parentName":"Грузовой подъёмник","editDate":1528385960697,"author":"asko"},{"id":2930,"name":"Подъёмник издаёт посторонние звуки","parentId":195,"parentName":"Грузовой подъёмник","editDate":1528385960697,"author":"asko"},{"id":2931,"name":"Лифт работает с открытой дверцей/барьером","parentId":195,"parentName":"Грузовой подъёмник","editDate":1528385960697,"author":"asko"}],"deprecated":false,"editDate":1528385960387,"author":"asko"}],"deprecated":false,"editDate":1528385960122,"author":"asko"},{"id":139,"name":"Климатическое оборудование","text":"Технологическое оборудование \\ Климатическое оборудование","children":[{"id":196,"name":"Кондиционер","text":"Технологическое оборудование \\ Климатическое оборудование \\ Кондиционер","services":[{"id":2932,"name":"Течет кондиционер","parentId":196,"parentName":"Кондиционер","editDate":1528385960697,"author":"asko"},{"id":2933,"name":"Кондиционер не холодит","parentId":196,"parentName":"Кондиционер","editDate":1528385960697,"author":"asko"},{"id":2934,"name":"Кондиционер издаёт нехарактерные звуки","parentId":196,"parentName":"Кондиционер","editDate":1528385960697,"author":"asko"}],"deprecated":false,"editDate":1528385960390,"author":"asko"},{"id":197,"name":"Система вентиляции","text":"Технологическое оборудование \\ Климатическое оборудование \\ Система вентиляции","services":[{"id":2935,"name":"Вентиляция не греет","parentId":197,"parentName":"Система вентиляции","editDate":1528385960697,"author":"asko"},{"id":2936,"name":"Вентиляция не работает ( в магазине душно)","parentId":197,"parentName":"Система вентиляции","editDate":1528385960697,"author":"asko"},{"id":2937,"name":"Вентиляция издает посторонние звуки/запахи","parentId":197,"parentName":"Система вентиляции","editDate":1528385960697,"author":"asko"}],"deprecated":false,"editDate":1528385960394,"author":"asko"}],"deprecated":false,"editDate":1528385960127,"author":"asko"},{"id":140,"name":"Автоматические  ворота и двери","text":"Технологическое оборудование \\ Автоматические  ворота и двери","children":[{"id":198,"name":"Секционые ворота","text":"Технологическое оборудование \\ Автоматические  ворота и двери \\ Секционые ворота","services":[{"id":2938,"name":"Повреждено полотно двери","parentId":198,"parentName":"Секционые ворота","editDate":1528385960697,"author":"asko"},{"id":2939,"name":"Дверь не работает автоматически","parentId":198,"parentName":"Секционые ворота","editDate":1528385960697,"author":"asko"},{"id":2940,"name":"Дверь зацепила авто машина (не открывается/незакрывается)","parentId":198,"parentName":"Секционые ворота","editDate":1528385960697,"author":"asko"},{"id":2941,"name":"От двери отваливаются детали","parentId":198,"parentName":"Секционые ворота","editDate":1528385960697,"author":"asko"},{"id":2943,"name":"Дверь невозможно открыть(закрыть)","parentId":198,"parentName":"Секционые ворота","editDate":1528385960697,"author":"asko"}],"deprecated":false,"editDate":1528385960398,"author":"asko"},{"id":199,"name":"Рольставни","text":"Технологическое оборудование \\ Автоматические  ворота и двери \\ Рольставни","services":[{"id":2942,"name":"Рольставню невозможно открыть(закрыть)","parentId":199,"parentName":"Рольставни","editDate":1528385960697,"author":"asko"},{"id":2945,"name":"Нужен ремонт рольставни","parentId":199,"parentName":"Рольставни","editDate":1528385960697,"author":"asko"},{"id":2946,"name":"Попытка вскрытия рольставни/механические повреждения","parentId":199,"parentName":"Рольставни","editDate":1528385960697,"author":"asko"}],"deprecated":false,"editDate":1528385960403,"author":"asko"},{"id":200,"name":"Автоматические двери на входе","text":"Технологическое оборудование \\ Автоматические  ворота и двери \\ Автоматические двери на входе","services":[{"id":2944,"name":"Двери не открываются/закрываются","parentId":200,"parentName":"Автоматические двери на входе","editDate":1528385960697,"author":"asko"},{"id":2947,"name":"Разбито стекло на двери","parentId":200,"parentName":"Автоматические двери на входе","editDate":1528385960697,"author":"asko"},{"id":2948,"name":"Двери медленно движутся","parentId":200,"parentName":"Автоматические двери на входе","editDate":1528385960697,"author":"asko"},{"id":2949,"name":"Сломано запирающее устройство","parentId":200,"parentName":"Автоматические двери на входе","editDate":1528385960697,"author":"asko"}],"deprecated":false,"editDate":1528385960407,"author":"asko"}],"deprecated":false,"editDate":1528385960130,"author":"asko"},{"id":141,"name":"Холодильное оборудование","text":"Технологическое оборудование \\ Холодильное оборудование","children":[{"id":201,"name":"Центральная холодильная машина, конденсатор","text":"Технологическое оборудование \\ Холодильное оборудование \\ Центральная холодильная машина, конденсатор","services":[{"id":2950,"name":"Не работает холод во всем магазине (указать, какую температуру показывает)","parentId":201,"parentName":"Центральная холодильная машина, конденсатор","editDate":1528385960697,"author":"asko"},{"id":2951,"name":"Не работают все плюсовые холодильники (указать, какую температуру показывает)","parentId":201,"parentName":"Центральная холодильная машина, конденсатор","editDate":1528385960697,"author":"asko"},{"id":2952,"name":"Не работают все минусовые холодильники (указать, какую температуру показывает)","parentId":201,"parentName":"Центральная холодильная машина, конденсатор","editDate":1528385960697,"author":"asko"},{"id":2953,"name":"На ЦХМ горит красная лампа","parentId":201,"parentName":"Центральная холодильная машина, конденсатор","editDate":1528385960697,"author":"asko"},{"id":2954,"name":"ЦХМ издает посторонние звуки","parentId":201,"parentName":"Центральная холодильная машина, конденсатор","editDate":1528385960697,"author":"asko"},{"id":2955,"name":"Из трубки выходит ГАЗ","parentId":201,"parentName":"Центральная холодильная машина, конденсатор","editDate":1528385960697,"author":"asko"},{"id":2956,"name":"Конденстор поврежден [указать чем/кем]","parentId":201,"parentName":"Центральная холодильная машина, конденсатор","editDate":1528385960697,"author":"asko"}],"deprecated":false,"editDate":1528385960413,"author":"asko"},{"id":202,"name":"Холодильная камера","text":"Технологическое оборудование \\ Холодильное оборудование \\ Холодильная камера","services":[{"id":2957,"name":"Не работает морозильная камера (указать, какую температуру показывает)","parentId":202,"parentName":"Холодильная камера","editDate":1528385960697,"author":"asko"},{"id":2958,"name":"Не работает холодильная камера (указать, какую температуру показывает)","parentId":202,"parentName":"Холодильная камера","editDate":1528385960697,"author":"asko"},{"id":2959,"name":"В камере течет вода","parentId":202,"parentName":"Холодильная камера","editDate":1528385960697,"author":"asko"},{"id":2960,"name":"Не работает морозильный шкаф (указать, какую температуру показывает)","parentId":202,"parentName":"Холодильная камера","editDate":1528385960697,"author":"asko"},{"id":2961,"name":"В камере не горит свет","parentId":202,"parentName":"Холодильная камера","editDate":1528385960697,"author":"asko"},{"id":2962,"name":"Не работает холодильный шкаф (указать, какую температуру показывает)","parentId":202,"parentName":"Холодильная камера","editDate":1528385960697,"author":"asko"},{"id":2963,"name":"Не работает икорный холодильник (указать, какую температуру показывает)","parentId":202,"parentName":"Холодильная камера","editDate":1528385960697,"author":"asko"},{"id":2964,"name":"Не работает холодильник в столовой","parentId":202,"parentName":"Холодильная камера","editDate":1528385960697,"author":"asko"},{"id":2965,"name":"Холодильник издает посторонние звуки","parentId":202,"parentName":"Холодильная камера","editDate":1528385960697,"author":"asko"},{"id":2966,"name":"Сломана ручка (дверь, выключатель) в холодильной камере","parentId":202,"parentName":"Холодильная камера","editDate":1528385960697,"author":"asko"},{"id":2967,"name":"В холодильнике разбито [указать, что именно]","parentId":202,"parentName":"Холодильная камера","editDate":1528385960697,"author":"asko"}],"deprecated":false,"editDate":1528385960417,"author":"asko"},{"id":203,"name":"Икорный/Бытовой холодильник","text":"Технологическое оборудование \\ Холодильное оборудование \\ Икорный/Бытовой холодильник","services":[{"id":2968,"name":"Не работает Икорный/Бытовой холодильник","parentId":203,"parentName":"Икорный/Бытовой холодильник","editDate":1528385960697,"author":"asko"},{"id":2969,"name":"В холодильнике разбито [указать, что именно]","parentId":203,"parentName":"Икорный/Бытовой холодильник","editDate":1528385960697,"author":"asko"},{"id":2970,"name":"Холодильник издает посторонние звуки","parentId":203,"parentName":"Икорный/Бытовой холодильник","editDate":1528385960697,"author":"asko"}],"deprecated":false,"editDate":1528385960421,"author":"asko"},{"id":204,"name":"Холодильная пристенная горка","text":"Технологическое оборудование \\ Холодильное оборудование \\ Холодильная пристенная горка","services":[{"id":2971,"name":"Не работает один ПРИСТЕННЫЙ ХОЛОДИЛЬНИК(указать какую температуру показывает)","parentId":204,"parentName":"Холодильная пристенная горка","editDate":1528385960697,"author":"asko"},{"id":2972,"name":"Не работает Линия ХОЛОДИЛЬНИКОВ(указать какую температуру показывает)","parentId":204,"parentName":"Холодильная пристенная горка","editDate":1528385960697,"author":"asko"},{"id":2973,"name":"Не работают ВСЕ Пристенные ХОЛОДИЛЬНИКИ(указать какую температуру показывает)","parentId":204,"parentName":"Холодильная пристенная горка","editDate":1528385960697,"author":"asko"},{"id":2974,"name":"Холодильник издаёт посторонние звуки","parentId":204,"parentName":"Холодильная пристенная горка","editDate":1528385960697,"author":"asko"},{"id":2975,"name":"Из холодильника течет вода","parentId":204,"parentName":"Холодильная пристенная горка","editDate":1528385960697,"author":"asko"},{"id":2976,"name":"В холодильнике не горит свет","parentId":204,"parentName":"Холодильная пристенная горка","editDate":1528385960697,"author":"asko"},{"id":2977,"name":"В холодильнике разбито/сломано(указать, что именно)","parentId":204,"parentName":"Холодильная пристенная горка","editDate":1528385960697,"author":"asko"},{"id":2978,"name":"Не закрываются/плохо закрываются Дверки","parentId":204,"parentName":"Холодильная пристенная горка","editDate":1528385960697,"author":"asko"}],"deprecated":false,"editDate":1528385960424,"author":"asko"},{"id":205,"name":"Холодильный Шкаф на Складе","text":"Технологическое оборудование \\ Холодильное оборудование \\ Холодильный Шкаф на Складе","services":[{"id":2979,"name":"Не работает Холодильный Шкаф(указать какую температуру показывает)","parentId":205,"parentName":"Холодильный Шкаф на Складе","editDate":1528385960697,"author":"asko"},{"id":2980,"name":"Не работает морозильный Шкаф(указать какую температуру показывает)","parentId":205,"parentName":"Холодильный Шкаф на Складе","editDate":1528385960697,"author":"asko"},{"id":2981,"name":"Необходимо оттаить Шкаф(указать количество)","parentId":205,"parentName":"Холодильный Шкаф на Складе","editDate":1528385960697,"author":"asko"},{"id":2982,"name":"Из Шкафа течет вода","parentId":205,"parentName":"Холодильный Шкаф на Складе","editDate":1528385960697,"author":"asko"},{"id":2983,"name":"Шкаф издаёт посторонние звуки","parentId":205,"parentName":"Холодильный Шкаф на Складе","editDate":1528385960698,"author":"asko"},{"id":2984,"name":"В холодильнике разбито/сломано","parentId":205,"parentName":"Холодильный Шкаф на Складе","editDate":1528385960698,"author":"asko"}],"deprecated":false,"editDate":1528385960428,"author":"asko"},{"id":206,"name":"Ларь Бонета","text":"Технологическое оборудование \\ Холодильное оборудование \\ Ларь Бонета","services":[{"id":2985,"name":"Не работает Ларь БОНЕТА (указать какую температуру показывает)","parentId":206,"parentName":"Ларь Бонета","editDate":1528385960698,"author":"asko"},{"id":2986,"name":"Не работает морозильный ЛАРЬ Бонета(указать какую температуру показывает)","parentId":206,"parentName":"Ларь Бонета","editDate":1528385960698,"author":"asko"},{"id":2987,"name":"Необходимо оттаить Ларь Бонету(указать количество)","parentId":206,"parentName":"Ларь Бонета","editDate":1528385960698,"author":"asko"},{"id":2988,"name":"Из Ларь Бонеты течет вода","parentId":206,"parentName":"Ларь Бонета","editDate":1528385960698,"author":"asko"},{"id":2989,"name":"Ларь Бонета издаёт посторонние звуки.","parentId":206,"parentName":"Ларь Бонета","editDate":1528385960698,"author":"asko"},{"id":2990,"name":"В Ларь Бонете не горит свет","parentId":206,"parentName":"Ларь Бонета","editDate":1528385960698,"author":"asko"},{"id":2991,"name":"В холодильнике разбито/сломано","parentId":206,"parentName":"Ларь Бонета","editDate":1528385960698,"author":"asko"},{"id":2992,"name":"Тяжело закрывается/открывается СТЕКЛО Ларь Бонеты","parentId":206,"parentName":"Ларь Бонета","editDate":1528385960698,"author":"asko"}],"deprecated":false,"editDate":1528385960432,"author":"asko"}],"deprecated":false,"editDate":1528385960134,"author":"asko"}],"deprecated":false,"editDate":1528385960033,"author":"asko"},{"id":118,"name":"Инженерия","text":"Инженерия","children":[{"id":126,"name":"Измерительные приборы","text":"Инженерия \\ Измерительные приборы","children":[{"id":154,"name":"Счетчик воды","text":"Инженерия \\ Измерительные приборы \\ Счетчик воды","services":[{"id":2818,"name":"Отсутствие пломб","parentId":154,"parentName":"Счетчик воды","editDate":1528385960695,"author":"asko"},{"id":2819,"name":"Отсутствие индикации (не вращаются ролики или стрелки циферблата прибора при потреблении воды)","parentId":154,"parentName":"Счетчик воды","editDate":1528385960695,"author":"asko"},{"id":2820,"name":"Течь из корпуса прибора","parentId":154,"parentName":"Счетчик воды","editDate":1528385960695,"author":"asko"}],"deprecated":false,"editDate":1528385960188,"author":"asko"},{"id":155,"name":"Электросчетчик","text":"Инженерия \\ Измерительные приборы \\ Электросчетчик","services":[{"id":2821,"name":"Отсутствие пломб","parentId":155,"parentName":"Электросчетчик","editDate":1528385960695,"author":"asko"},{"id":2822,"name":"Отсутствие индикации (не вращаются ролики или индикации электр. табло)","parentId":155,"parentName":"Электросчетчик","editDate":1528385960695,"author":"asko"},{"id":2823,"name":"Физическое нарушение корпуса прибора","parentId":155,"parentName":"Электросчетчик","editDate":1528385960695,"author":"asko"}],"deprecated":false,"editDate":1528385960191,"author":"asko"},{"id":156,"name":"Счетчик тепла","text":"Инженерия \\ Измерительные приборы \\ Счетчик тепла","services":[{"id":2824,"name":"Отсутствие пломб","parentId":156,"parentName":"Счетчик тепла","editDate":1528385960695,"author":"asko"},{"id":2825,"name":"Течь из корпуса расходомеров, датчиков температуры и давления","parentId":156,"parentName":"Счетчик тепла","editDate":1528385960695,"author":"asko"},{"id":2826,"name":"Отсутствие индикации на электронном табло теплосчётчика","parentId":156,"parentName":"Счетчик тепла","editDate":1528385960696,"author":"asko"},{"id":2827,"name":"Оборваны провода от датчиков температуры, давления, расхода","parentId":156,"parentName":"Счетчик тепла","editDate":1528385960696,"author":"asko"}],"deprecated":false,"editDate":1528385960195,"author":"asko"}],"deprecated":false,"editDate":1528385960074,"author":"asko"},{"id":127,"name":"Электрооборудование","text":"Инженерия \\ Электрооборудование","children":[{"id":157,"name":"Электрощитовая","text":"Инженерия \\ Электрооборудование \\ Электрощитовая","services":[{"id":2828,"name":"Наличие пыли, посторонних предметов, не исправные замки или их отсутствие на шкафах","parentId":157,"parentName":"Электрощитовая","editDate":1528385960696,"author":"asko"},{"id":2829,"name":"Запах горения электропроводки","parentId":157,"parentName":"Электрощитовая","editDate":1528385960696,"author":"asko"},{"id":2830,"name":"Внешнее нарушение электрооборудования (торчашие провода, разрушенные корпуса приборов)","parentId":157,"parentName":"Электрощитовая","editDate":1528385960696,"author":"asko"},{"id":2831,"name":"Отсутсвие общего электропитания на магазине","parentId":157,"parentName":"Электрощитовая","editDate":1528385960696,"author":"asko"},{"id":2832,"name":"Треск и шум в электрооборудование","parentId":157,"parentName":"Электрощитовая","editDate":1528385960696,"author":"asko"}],"deprecated":false,"editDate":1528385960199,"author":"asko"},{"id":158,"name":"Электророзетки, выключатели","text":"Инженерия \\ Электрооборудование \\ Электророзетки, выключатели","services":[{"id":2833,"name":"Отсутствие внешних повреждений. Следов копати. Целостность корпуса","parentId":158,"parentName":"Электророзетки, выключатели","editDate":1528385960696,"author":"asko"},{"id":2834,"name":"Не горит освещение при включении тумблера","parentId":158,"parentName":"Электророзетки, выключатели","editDate":1528385960696,"author":"asko"},{"id":2835,"name":"Нагреваются в рабочем режиме","parentId":158,"parentName":"Электророзетки, выключатели","editDate":1528385960696,"author":"asko"}],"deprecated":false,"editDate":1528385960203,"author":"asko"},{"id":159,"name":"Наружнее освещение фасада и прилегающей территории","text":"Инженерия \\ Электрооборудование \\ Наружнее освещение фасада и прилегающей территории","services":[{"id":2838,"name":"Не горят лампы в светильниках","parentId":159,"parentName":"Наружнее освещение фасада и прилегающей территории","editDate":1528385960696,"author":"asko"},{"id":2839,"name":"Треск и искрение в светильниках в рабочем режиме","parentId":159,"parentName":"Наружнее освещение фасада и прилегающей территории","editDate":1528385960696,"author":"asko"}],"deprecated":false,"editDate":1528385960223,"author":"asko"},{"id":160,"name":"Внутреннее освещение торгового зала и подсобных помещений","text":"Инженерия \\ Электрооборудование \\ Внутреннее освещение торгового зала и подсобных помещений","services":[{"id":2836,"name":"Не горят лампы в светильниках","parentId":160,"parentName":"Внутреннее освещение торгового зала и подсобных помещений","editDate":1528385960696,"author":"asko"},{"id":2837,"name":"Треск и искрение в светильниках в рабочем режиме","parentId":160,"parentName":"Внутреннее освещение торгового зала и подсобных помещений","editDate":1528385960696,"author":"asko"}],"deprecated":false,"editDate":1528385960227,"author":"asko"},{"id":161,"name":"Обеспечение электроэнергией от  генераторов","text":"Инженерия \\ Электрооборудование \\ Обеспечение электроэнергией от  генераторов","services":[{"id":2840,"name":"Неравномерная работа генератора","parentId":161,"parentName":"Обеспечение электроэнергией от  генераторов","editDate":1528385960696,"author":"asko"},{"id":2841,"name":"Наличие внешних повреждений","parentId":161,"parentName":"Обеспечение электроэнергией от  генераторов","editDate":1528385960696,"author":"asko"},{"id":2843,"name":"Не включается при нажатии кнопки запуска","parentId":161,"parentName":"Обеспечение электроэнергией от  генераторов","editDate":1528385960696,"author":"asko"}],"deprecated":false,"editDate":1528385960231,"author":"asko"}],"deprecated":false,"editDate":1528385960078,"author":"asko"},{"id":128,"name":"Сантехника","text":"Инженерия \\ Сантехника","children":[{"id":162,"name":"Раковина, Унитаз, Мойка","text":"Инженерия \\ Сантехника \\ Раковина, Унитаз, Мойка","services":[{"id":2847,"name":"Невозможно закрыть, постоянная течь воды","parentId":162,"parentName":"Раковина, Унитаз, Мойка","editDate":1528385960696,"author":"asko"}],"deprecated":false,"editDate":1528385960236,"author":"asko"},{"id":164,"name":"Кран, смеситель, душ","text":"Инженерия \\ Сантехника \\ Кран, смеситель, душ","services":[{"id":2848,"name":"Течет в местах соединения и подвода воды, нарушена прокладка","parentId":164,"parentName":"Кран, смеситель, душ","editDate":1528385960696,"author":"asko"},{"id":3195,"name":"Невозможно закрыть, постоянная течь воды","parentId":164,"parentName":"Кран, смеситель, душ","editDate":1528385960698,"author":"asko"}],"deprecated":false,"editDate":1528385960245,"author":"asko"},{"id":165,"name":"Водонагреватели","text":"Инженерия \\ Сантехника \\ Водонагреватели","services":[{"id":2849,"name":"Отсутствие индикации на контрольных приборах","parentId":165,"parentName":"Водонагреватели","editDate":1528385960696,"author":"asko"},{"id":2850,"name":"Вода не нагревается","parentId":165,"parentName":"Водонагреватели","editDate":1528385960696,"author":"asko"}],"deprecated":false,"editDate":1528385960249,"author":"asko"},{"id":166,"name":"Канализация, трубы (слив воды)","text":"Инженерия \\ Сантехника \\ Канализация, трубы (слив воды)","services":[{"id":2851,"name":"Засор канализации, труб в магазине","parentId":166,"parentName":"Канализация, трубы (слив воды)","editDate":1528385960696,"author":"asko"},{"id":2852,"name":"Засор раковин или моек","parentId":166,"parentName":"Канализация, трубы (слив воды)","editDate":1528385960696,"author":"asko"}],"deprecated":false,"editDate":1528385960253,"author":"asko"}],"deprecated":false,"editDate":1528385960083,"author":"asko"},{"id":129,"name":"Газовое оборудование","text":"Инженерия \\ Газовое оборудование","children":[{"id":163,"name":"Газовое оборудование","text":"Инженерия \\ Газовое оборудование \\ Газовое оборудование","services":[{"id":2842,"name":"Запах газа","parentId":163,"parentName":"Газовое оборудование","editDate":1528385960696,"author":"asko"},{"id":2844,"name":"Отсутствие индикации на контрольных приборах","parentId":163,"parentName":"Газовое оборудование","editDate":1528385960696,"author":"asko"},{"id":2845,"name":"Трубы системы отопления на выходе с котла холодные","parentId":163,"parentName":"Газовое оборудование","editDate":1528385960696,"author":"asko"},{"id":2846,"name":"Не характерный шум","parentId":163,"parentName":"Газовое оборудование","editDate":1528385960696,"author":"asko"}],"deprecated":false,"editDate":1528385960241,"author":"asko"}],"deprecated":false,"editDate":1528385960088,"author":"asko"},{"id":130,"name":"Отопление","text":"Инженерия \\ Отопление","children":[{"id":167,"name":"Нарушение температурного режима (холод в магазине)","text":"Инженерия \\ Отопление \\ Нарушение температурного режима (холод в магазине)","services":[{"id":2853,"name":"Отсутствие отопления, все батареи холодные","parentId":167,"parentName":"Нарушение температурного режима (холод в магазине)","editDate":1528385960696,"author":"asko"},{"id":2854,"name":"Несколько батарей в магазине холодные","parentId":167,"parentName":"Нарушение температурного режима (холод в магазине)","editDate":1528385960696,"author":"asko"},{"id":2855,"name":"Батареи прогреваются неравномерно (половина батареи холодная, половина тёплая)","parentId":167,"parentName":"Нарушение температурного режима (холод в магазине)","editDate":1528385960696,"author":"asko"}],"deprecated":false,"editDate":1528385960257,"author":"asko"},{"id":169,"name":"Прорыв, протечка в системе отопления","text":"Инженерия \\ Отопление \\ Прорыв, протечка в системе отопления","services":[{"id":2856,"name":"Течь батареи","parentId":169,"parentName":"Прорыв, протечка в системе отопления","editDate":1528385960696,"author":"asko"},{"id":2857,"name":"Течь запорной арматуры (краны, задвижки)","parentId":169,"parentName":"Прорыв, протечка в системе отопления","editDate":1528385960696,"author":"asko"},{"id":2858,"name":"Течь соединительных частей трубопроводов","parentId":169,"parentName":"Прорыв, протечка в системе отопления","editDate":1528385960696,"author":"asko"},{"id":2860,"name":"Течь труб (прорыв или свищ)","parentId":169,"parentName":"Прорыв, протечка в системе отопления","editDate":1528385960696,"author":"asko"}],"deprecated":false,"editDate":1528385960265,"author":"asko"}],"deprecated":false,"editDate":1528385960092,"author":"asko"},{"id":131,"name":"Части здания","text":"Инженерия \\ Части здания","children":[{"id":168,"name":"Окна, двери","text":"Инженерия \\ Части здания \\ Окна, двери","services":[{"id":2859,"name":"Разбито стекло (примерный размет стекла- стеклопакета)","parentId":168,"parentName":"Окна, двери","editDate":1528385960696,"author":"asko"},{"id":2861,"name":"Выпала рама, оторвалась петля","parentId":168,"parentName":"Окна, двери","editDate":1528385960696,"author":"asko"}],"deprecated":false,"editDate":1528385960261,"author":"asko"},{"id":170,"name":"Распашные ворота деборкадера","text":"Инженерия \\ Части здания \\ Распашные ворота деборкадера","services":[{"id":2862,"name":"Cломаны петли, просела правая сторона ворот, деформирована левая сторона ворот","parentId":170,"parentName":"Распашные ворота деборкадера","editDate":1528385960696,"author":"asko"}],"deprecated":false,"editDate":1528385960270,"author":"asko"},{"id":171,"name":"Потолок, пол, стены","text":"Инженерия \\ Части здания \\ Потолок, пол, стены","services":[{"id":2863,"name":"Замена кол-во плиток потолка, замена направляющих подвисного потолка","parentId":171,"parentName":"Потолок, пол, стены","editDate":1528385960696,"author":"asko"},{"id":2864,"name":"Яма в полу, замена линолиума, замена плитки в ТЗ кол-во","parentId":171,"parentName":"Потолок, пол, стены","editDate":1528385960696,"author":"asko"},{"id":2865,"name":"Требуется покраска стены (м2), требуется обшить стену гипсокартоном  (м2)","parentId":171,"parentName":"Потолок, пол, стены","editDate":1528385960696,"author":"asko"}],"deprecated":false,"editDate":1528385960276,"author":"asko"},{"id":172,"name":"Входная группа (ступени, пандус, поручни)","text":"Инженерия \\ Части здания \\ Входная группа (ступени, пандус, поручни)","services":[{"id":2866,"name":"Механическое повреждение двери (деформирована, сломаны петли)","parentId":172,"parentName":"Входная группа (ступени, пандус, поручни)","editDate":1528385960696,"author":"asko"},{"id":2867,"name":"Разрушено бетонное основание (лестницы, площадки, пандуса)","parentId":172,"parentName":"Входная группа (ступени, пандус, поручни)","editDate":1528385960696,"author":"asko"},{"id":2868,"name":"Разрушено плиточное покрытие (лестницы, площадки, пандуса)","parentId":172,"parentName":"Входная группа (ступени, пандус, поручни)","editDate":1528385960696,"author":"asko"},{"id":2869,"name":"Нарушено красочное покрытие поручней","parentId":172,"parentName":"Входная группа (ступени, пандус, поручни)","editDate":1528385960696,"author":"asko"},{"id":2870,"name":"Повреждение металлоконструкции поручней(механическое, корозия металла)","parentId":172,"parentName":"Входная группа (ступени, пандус, поручни)","editDate":1528385960696,"author":"asko"}],"deprecated":false,"editDate":1528385960281,"author":"asko"},{"id":173,"name":"Остекление фасада","text":"Инженерия \\ Части здания \\ Остекление фасада","services":[{"id":2874,"name":"Замена витражного стекла (м2, стекло или стеклопакет)","parentId":173,"parentName":"Остекление фасада","editDate":1528385960696,"author":"asko"}],"deprecated":false,"editDate":1528385960286,"author":"asko"},{"id":174,"name":"Ремонт фасада (обшивка стен, плитка, штукатурка)","text":"Инженерия \\ Части здания \\ Ремонт фасада (обшивка стен, плитка, штукатурка)","services":[{"id":2871,"name":"Замена фасадной плитки (м2)","parentId":174,"parentName":"Ремонт фасада (обшивка стен, плитка, штукатурка)","editDate":1528385960696,"author":"asko"},{"id":2872,"name":"Замена металического фриза","parentId":174,"parentName":"Ремонт фасада (обшивка стен, плитка, штукатурка)","editDate":1528385960696,"author":"asko"},{"id":2873,"name":"Покраска, штукатурка фасада (м2)","parentId":174,"parentName":"Ремонт фасада (обшивка стен, плитка, штукатурка)","editDate":1528385960696,"author":"asko"}],"deprecated":false,"editDate":1528385960291,"author":"asko"},{"id":175,"name":"Кровля и водосток","text":"Инженерия \\ Части здания \\ Кровля и водосток","services":[{"id":2875,"name":"Требуется замена водостока, водосток отсутствует - требуется установка водостока","parentId":175,"parentName":"Кровля и водосток","editDate":1528385960696,"author":"asko"},{"id":2876,"name":"Наблюдаются протечки (кол-во, как сильно течет) в ТЗ , в П.П., на главной кассе, на дедаркадере","parentId":175,"parentName":"Кровля и водосток","editDate":1528385960696,"author":"asko"}],"deprecated":false,"editDate":1528385960295,"author":"asko"}],"deprecated":false,"editDate":1528385960096,"author":"asko"},{"id":132,"name":"Работы на прилегающей территории","text":"Инженерия \\ Работы на прилегающей территории","children":[{"id":178,"name":"Асфальтировка, парковка, подъездные пути","text":"Инженерия \\ Работы на прилегающей территории \\ Асфальтировка, парковка, подъездные пути","services":[{"id":2880,"name":"Требуется ремонт асфальта (м2) у главного входа, у деборкадера, зона парковки, подъездные пути","parentId":178,"parentName":"Асфальтировка, парковка, подъездные пути","editDate":1528385960696,"author":"asko"}],"deprecated":false,"editDate":1528385960312,"author":"asko"},{"id":176,"name":"Устройство газонов (насыпка земли, посев травы)","text":"Инженерия \\ Работы на прилегающей территории \\ Устройство газонов (насыпка земли, посев травы)","services":[{"id":2877,"name":"Требуется облагородить территорию (м2, посев газона)","parentId":176,"parentName":"Устройство газонов (насыпка земли, посев травы)","editDate":1528385960696,"author":"asko"},{"id":2878,"name":"Работы на прилегающей территории \\ Устройство газонов (насыпка земли, посев травы) \\ Требуется зернозем для газона (м3)","parentId":176,"parentName":"Устройство газонов (насыпка земли, посев травы)","editDate":1528385960696,"author":"asko"}],"deprecated":false,"editDate":1528385960301,"author":"asko"},{"id":177,"name":"Ремонт ограждений газонов и тротуаров","text":"Инженерия \\ Работы на прилегающей территории \\ Ремонт ограждений газонов и тротуаров","services":[{"id":2879,"name":"Требуется замена (кол-во) бордюров","parentId":177,"parentName":"Ремонт ограждений газонов и тротуаров","editDate":1528385960696,"author":"asko"}],"deprecated":false,"editDate":1528385960307,"author":"asko"}],"deprecated":false,"editDate":1528385960100,"author":"asko"},{"id":133,"name":"Камеры  хранения","text":"Инженерия \\ Камеры  хранения","children":[{"id":217,"name":"Покупательские камеры  хранения","text":"Инженерия \\ Камеры  хранения \\ Покупательские камеры  хранения","services":[{"id":3197,"name":"Сломан замок, отсутствует ключ","parentId":217,"parentName":"Покупательские камеры  хранения","editDate":1528385960698,"author":"asko"},{"id":3198,"name":"Механическое повреждение двери (сломана, погнута)","parentId":217,"parentName":"Покупательские камеры  хранения","editDate":1528385960698,"author":"asko"}],"deprecated":false,"editDate":1528385960316,"author":"asko"}],"deprecated":false,"editDate":1528385960104,"author":"asko"}],"deprecated":false,"editDate":1528385960038,"author":"asko"},{"id":5,"name":"NAME1","text":"NAME1","children":[{"id":6,"name":"NAME2","text":"NAME2","children":[{"id":7,"name":"NAME3","text":"NAME3","services":[{"id":2501,"name":"DESCRIPTION","parentId":7,"parentName":"NAME3","editDate":1543326932525,"author":"Anonymous"}],"editDate":1533051758421,"author":"Anonimus"}],"editDate":1533051758393,"author":"Anonimus"}],"editDate":1533051758308,"author":"Anonimus"},{"id":142,"name":"Внешняя и внутренняя реклама","text":"Реклама в магазине \\ Внешняя и внутренняя реклама","children":[{"id":207,"name":"Наружная световая вывеска \"\"Пятерочка\"\"","text":"Реклама в магазине \\ Внешняя и внутренняя реклама \\ Наружная световая вывеска \"\"Пятерочка\"\"","services":[{"id":2993,"name":"Не светится вся вывеска","parentId":207,"parentName":"Наружная световая вывеска \"\"Пятерочка\"\"","editDate":1528385960698,"author":"asko"},{"id":2994,"name":"Не светится несколько букв","parentId":207,"parentName":"Наружная световая вывеска \"\"Пятерочка\"\"","editDate":1528385960698,"author":"asko"},{"id":2995,"name":"Требуется помывка вывески","parentId":207,"parentName":"Наружная световая вывеска \"\"Пятерочка\"\"","editDate":1528385960698,"author":"asko"},{"id":2996,"name":"Сломалась лицевая поверхность буквы","parentId":207,"parentName":"Наружная световая вывеска \"\"Пятерочка\"\"","editDate":1528385960698,"author":"asko"}],"deprecated":false,"editDate":1528385960435,"author":"asko"},{"id":208,"name":"Наружняя реклама на фасаде (растяжки, пленка)","text":"Реклама в магазине \\ Внешняя и внутренняя реклама \\ Наружняя реклама на фасаде (растяжки, пленка)","services":[{"id":2997,"name":"Требуется оклейка пленкой","parentId":208,"parentName":"Наружняя реклама на фасаде (растяжки, пленка)","editDate":1528385960698,"author":"asko"},{"id":2998,"name":"Пленка выгорела(требуется замена)","parentId":208,"parentName":"Наружняя реклама на фасаде (растяжки, пленка)","editDate":1528385960698,"author":"asko"}],"deprecated":false,"editDate":1528385960438,"author":"asko"},{"id":209,"name":"Навигация торгового зала (указатели, вывески)","text":"Реклама в магазине \\ Внешняя и внутренняя реклама \\ Навигация торгового зала (указатели, вывески)","services":[{"id":2999,"name":"Требуется замена внутренней навигации (указать что именно)","parentId":209,"parentName":"Навигация торгового зала (указатели, вывески)","editDate":1528385960698,"author":"asko"}],"deprecated":false,"editDate":1528385960442,"author":"asko"},{"id":216,"name":"Акционный баннер на фасаде","text":"Реклама в магазине \\ Внешняя и внутренняя реклама \\ Акционный баннер на фасаде","services":[{"id":3196,"name":"Снять /повесить акционный баннер","parentId":216,"parentName":"Акционный баннер на фасаде","editDate":1528385960698,"author":"asko"}],"deprecated":false,"editDate":1528385960446,"author":"asko"}],"deprecated":false,"editDate":1528385960138,"author":"asko"},{"id":210,"name":"Технологическое оборудование","children":[{"id":211,"name":"Холодильное оборудование","children":[{"id":212,"name":"Центральная холодильная машина, конденсатор","services":[],"deprecated":false,"editDate":1528385960008,"author":"asko"},{"id":213,"name":"Холодильная горка/витрина/бонета","services":[],"deprecated":false,"editDate":1528385960017,"author":"asko"},{"id":214,"name":"Блок мониторинга ХО","services":[],"deprecated":false,"editDate":1528385960013,"author":"asko"},{"id":215,"name":"Холодильная камера","services":[],"deprecated":false,"editDate":1528385960021,"author":"asko"}],"deprecated":false,"editDate":1528385960004,"author":"asko"}],"deprecated":false,"editDate":1528385959997,"author":"asko"}]