{"id":149177,"applicant":{"fullName":"Алексей Карчевский","userName":"master","email":"a.karchevski@pflb.ru","location":"142784, г.Москва, Киевское шоссе, 22-й км,\nБП ComCity, домовл.6, стр.1","phone":"8 (000) 123-45-67","mobilePhone":"8 (000) 123-45-67","id":106},"header":"Рокла не поднимает вес","text":"123456","createDate":1574683409134,"lastEditDate":1574683409139,"ticketStateId":-1,"serviceId":2921,"inventoryNumber":"000007","inventoryId":7,"syncMask":"PORTAL_ONLY","location":"Барклая 24","address":"Барклая 24","categories":["Технологическое оборудование","Подъемные и передвижные механизмы","Роклы"],"category1":"Технологическое оборудование","category2":"Подъемные и передвижные механизмы","category3":"Роклы","openCommunications":0,"totalCommunications":0,"actions":[]}