{"content":[{"id":149177,"applicant":{"fullName":"Алексей Карчевский","userName":"master","email":"a.karchevski@pflb.ru","location":"142784, г.Москва, Киевское шоссе, 22-й км,\nБП ComCity, домовл.6, стр.1","phone":"8 (000) 123-45-67","mobilePhone":"8 (000) 123-45-67","id":106},"header":"Рокла не поднимает вес","text":"123456","createDate":1574683409134,"lastEditDate":1574683409139,"ticketState":"Новый","ticketStateId":-1,"serviceId":2921,"inventoryNumber":"000007","inventoryId":7,"syncMask":"PORTAL_ONLY","location":"Барклая 24","address":"Барклая 24","categories":["Технологическое оборудование","Подъемные и передвижные механизмы","Роклы"],"category1":"Технологическое оборудование","category2":"Подъемные и передвижные механизмы","category3":"Роклы","openCommunications":0,"totalCommunications":0,"actions":[]},{"id":149176,"applicant":{"fullName":"Алексей Карчевский","userName":"master","email":"a.karchevski@pflb.ru","location":"142784, г.Москва, Киевское шоссе, 22-й км,\nБП ComCity, домовл.6, стр.1","phone":"8 (000) 123-45-67","mobilePhone":"8 (000) 123-45-67","id":106},"header":"Течет масло","text":"5451234","createDate":1574683328249,"lastEditDate":1574683328254,"ticketState":"Новый","ticketStateId":-1,"serviceId":2906,"inventoryNumber":"000010","inventoryId":10,"syncMask":"PORTAL_ONLY","files":[{"id":4390,"name":"dist_ru (2)(1).zip"}],"location":"Изумрудная 14","address":"Изумрудная 14","categories":["Технологическое оборудование","Инженерное оборудование","Пресс"],"category1":"Технологическое оборудование","category2":"Инженерное оборудование","category3":"Пресс","hasAttachments":true,"openCommunications":0,"totalCommunications":0,"actions":[]},{"id":149175,"applicant":{"fullName":"Алексей Карчевский","userName":"master","email":"a.karchevski@pflb.ru","location":"142784, г.Москва, Киевское шоссе, 22-й км,\nБП ComCity, домовл.6, стр.1","phone":"8 (000) 123-45-67","mobilePhone":"8 (000) 123-45-67","id":106},"header":"Не крутится транспортёрная лента","text":"12345678901234567890","createDate":1574683223058,"lastEditDate":1574683223063,"ticketState":"Новый","ticketStateId":-1,"serviceId":2882,"inventoryNumber":"000006","inventoryId":6,"syncMask":"PORTAL_ONLY","files":[{"id":4387,"name":"test_text_file.txt"}],"location":"Барклая 24","address":"Барклая 24","categories":["Технологическое оборудование","Кассовый стол и гидаж","Кассовый стол (педаль, лента транспортера)"],"category1":"Технологическое оборудование","category2":"Кассовый стол и гидаж","category3":"Кассовый стол (педаль, лента транспортера)","hasAttachments":true,"openCommunications":0,"totalCommunications":0,"actions":[]},{"id":149174,"applicant":{"fullName":"Алексей Карчевский","userName":"master","email":"a.karchevski@pflb.ru","location":"142784, г.Москва, Киевское шоссе, 22-й км,\nБП ComCity, домовл.6, стр.1","phone":"8 (000) 123-45-67","mobilePhone":"8 (000) 123-45-67","id":106},"director":{"fullName":"Васильев Павел1","userName":"director_1","email":"director@mail.com","location":"location","address":"152 Скотопрогонная ул. 13","phone":"+79778334486","mobilePhone":"8 (000) 123-45-67","workPhone":"+79778334486","organization":"organization","id":101122},"header":"Требуется дополнительный вывоз вторсырья","text":"олщтоитло","createDate":1574683085343,"lastEditDate":1574683085348,"ticketState":"Новый","ticketStateId":-1,"serviceId":2812,"viewed":true,"syncMask":"PORTAL_ONLY","location":"152 Скотопрогонная ул. 13","address":"152 Скотопрогонная ул. 13","categories":["Экология","Вторсырье","Заказ дополнительного вывоза вторсырья"],"category1":"Экология","category2":"Вторсырье","category3":"Заказ дополнительного вывоза вторсырья","openCommunications":0,"totalCommunications":0,"actions":[]},{"id":149173,"applicant":{"fullName":"Алексей Карчевский","userName":"master","email":"a.karchevski@pflb.ru","location":"142784, г.Москва, Киевское шоссе, 22-й км,\nБП ComCity, домовл.6, стр.1","phone":"8 (000) 123-45-67","mobilePhone":"8 (000) 123-45-67","id":106},"header":"Не крутится транспортёрная лента","text":"12345678901234567890","createDate":1574682722017,"lastEditDate":1574682722024,"ticketState":"Новый","ticketStateId":-1,"serviceId":2882,"inventoryNumber":"000006","inventoryId":6,"syncMask":"PORTAL_ONLY","location":"Барклая 24","address":"Барклая 24","categories":["Технологическое оборудование","Кассовый стол и гидаж","Кассовый стол (педаль, лента транспортера)"],"category1":"Технологическое оборудование","category2":"Кассовый стол и гидаж","category3":"Кассовый стол (педаль, лента транспортера)","openCommunications":0,"totalCommunications":0,"actions":[]},{"id":149172,"applicant":{"fullName":"Алексей Карчевский","userName":"master","email":"a.karchevski@pflb.ru","location":"142784, г.Москва, Киевское шоссе, 22-й км,\nБП ComCity, домовл.6, стр.1","phone":"8 (000) 123-45-67","mobilePhone":"8 (000) 123-45-67","id":106},"header":"Отсутствие уборки прилегающей территории","text":"Some action","createDate":1574682191277,"lastEditDate":1574682191284,"ticketState":"Новый","ticketStateId":-1,"serviceId":2782,"inventoryNumber":"000006","inventoryId":6,"syncMask":"PORTAL_ONLY","files":[{"id":4383,"name":"file.txt"}],"location":"Барклая 24","address":"Барклая 24","categories":["Экология","Уборка помещений и прилегающей территории","Уборка прилегающей территории"],"category1":"Экология","category2":"Уборка помещений и прилегающей территории","category3":"Уборка прилегающей территории","hasAttachments":true,"openCommunications":0,"totalCommunications":0,"actions":[]},{"id":149171,"applicant":{"fullName":"Алексей Карчевский","userName":"master","email":"a.karchevski@pflb.ru","location":"142784, г.Москва, Киевское шоссе, 22-й км,\nБП ComCity, домовл.6, стр.1","phone":"8 (000) 123-45-67","mobilePhone":"8 (000) 123-45-67","id":106},"header":"Посадка кустарников","text":"test description","createDate":1574682055072,"lastEditDate":1574682055077,"ticketState":"Новый","ticketStateId":-1,"serviceId":2786,"inventoryNumber":"777","inventoryId":11,"viewed":true,"syncMask":"PORTAL_ONLY","files":[{"id":4388,"name":"userData.txt"}],"location":"Изумрудная 14","address":"Изумрудная 14","categories":["Экология","Уборка помещений и прилегающей территории","Уборка прилегающей территории"],"category1":"Экология","category2":"Уборка помещений и прилегающей территории","category3":"Уборка прилегающей территории","hasAttachments":true,"openCommunications":0,"totalCommunications":0,"actions":[]},{"id":149170,"applicant":{"fullName":"Алексей Карчевский","userName":"master","email":"a.karchevski@pflb.ru","location":"142784, г.Москва, Киевское шоссе, 22-й км,\nБП ComCity, домовл.6, стр.1","phone":"8 (000) 123-45-67","mobilePhone":"8 (000) 123-45-67","id":106},"header":"Не крутится транспортёрная лента","text":"12345678901234567890","createDate":1574681679050,"lastEditDate":1574681679069,"ticketState":"Новый","ticketStateId":-1,"serviceId":2882,"inventoryNumber":"000006","inventoryId":6,"viewed":true,"syncMask":"PORTAL_ONLY","location":"Барклая 24","address":"Барклая 24","categories":["Технологическое оборудование","Кассовый стол и гидаж","Кассовый стол (педаль, лента транспортера)"],"category1":"Технологическое оборудование","category2":"Кассовый стол и гидаж","category3":"Кассовый стол (педаль, лента транспортера)","openCommunications":0,"totalCommunications":0,"actions":[]},{"id":149164,"applicant":{"fullName":"Алексей Карчевский","userName":"master","email":"a.karchevski@pflb.ru","location":"142784, г.Москва, Киевское шоссе, 22-й км,\nБП ComCity, домовл.6, стр.1","phone":"8 (000) 123-45-67","mobilePhone":"8 (000) 123-45-67","id":106},"contractor":{"id":9,"name":"2-Ремонт","organization":"Холодильное оборудование","company":"YYY","active":true},"header":"Разбито стекло на двери","text":"213","createDate":1574679415846,"lastEditDate":1574679415855,"ticketState":"Выполняется","ticketStateId":1,"serviceId":2894,"inventoryNumber":"000010","inventoryId":10,"viewed":true,"syncMask":"PORTAL_ONLY","location":"Изумрудная 14","address":"Изумрудная 14","taskId":149164,"taskState":"Выполняется","taskStateId":1,"categories":["Технологическое оборудование","Тепловое оборудование","Печь для выпечки"],"category1":"Технологическое оборудование","category2":"Тепловое оборудование","category3":"Печь для выпечки","canBeCanceled":false,"openCommunications":0,"totalCommunications":0,"actions":["assignContractor","solveTicket","cancelTicket","cancelTask","inventoryNumberChange","slaDateChange","specialistDateChange","comment"]},{"id":149163,"applicant":{"fullName":"Алексей Карчевский","userName":"master","email":"a.karchevski@pflb.ru","location":"142784, г.Москва, Киевское шоссе, 22-й км,\nБП ComCity, домовл.6, стр.1","phone":"8 (000) 123-45-67","mobilePhone":"8 (000) 123-45-67","id":106},"contractor":{"id":9,"name":"2-Ремонт","organization":"Холодильное оборудование","company":"YYY","active":true},"header":"Очистка кровли от снега и наледи","text":"Даешь чистую кровлю!","createDate":1574679101497,"lastEditDate":1574679101501,"ticketState":"Выполняется","ticketStateId":1,"serviceId":2793,"inventoryNumber":"000010","inventoryId":10,"viewed":true,"syncMask":"PORTAL_ONLY","location":"Изумрудная 14","address":"Изумрудная 14","taskId":149163,"taskState":"Выполняется","taskStateId":1,"categories":["Экология","Уборка помещений и прилегающей территории","Уборка прилегающей территории"],"category1":"Экология","category2":"Уборка помещений и прилегающей территории","category3":"Уборка прилегающей территории","canBeCanceled":false,"openCommunications":0,"totalCommunications":0,"actions":["assignContractor","solveTicket","cancelTicket","cancelTask","inventoryNumberChange","slaDateChange","specialistDateChange","comment"]}],"last":false,"totalElements":12,"totalPages":2,"size":10,"number":0,"sort":[{"direction":"DESC","property":"id","ignoreCase":false,"nullHandling":"NATIVE","ascending":false,"descending":true}],"numberOfElements":10,"first":true}