{"content":[{"id":149184,"applicant":{"fullName":"Алексей Карчевский","userName":"master","email":"a.karchevski@pflb.ru","location":"142784, г.Москва, Киевское шоссе, 22-й км,\nБП ComCity, домовл.6, стр.1","phone":"8 (000) 123-45-67","mobilePhone":"8 (000) 123-45-67","id":106},"header":"Не крутится транспортёрная лента","text":"12345678901234567890","createDate":1574684265902,"lastEditDate":1574684265907,"ticketState":"Новый","ticketStateId":-1,"serviceId":2882,"inventoryNumber":"000006","inventoryId":6,"syncMask":"PORTAL_ONLY","files":[{"id":4387,"name":"test_text_file.txt"}],"location":"Барклая 24","address":"Барклая 24","categories":["Технологическое оборудование","Кассовый стол и гидаж","Кассовый стол (педаль, лента транспортера)"],"category1":"Технологическое оборудование","category2":"Кассовый стол и гидаж","category3":"Кассовый стол (педаль, лента транспортера)","hasAttachments":true,"openCommunications":0,"totalCommunications":0,"actions":[]},{"id":149183,"applicant":{"fullName":"Алексей Карчевский","userName":"master","email":"a.karchevski@pflb.ru","location":"142784, г.Москва, Киевское шоссе, 22-й км,\nБП ComCity, домовл.6, стр.1","phone":"8 (000) 123-45-67","mobilePhone":"8 (000) 123-45-67","id":106},"header":"Сломана кнопка лифта","text":"TESTDESCRIPTIONTEST","createDate":1574684181737,"lastEditDate":1574684181742,"ticketState":"Новый","ticketStateId":-1,"serviceId":2912,"inventoryNumber":"000008","inventoryId":8,"syncMask":"PORTAL_ONLY","files":[{"id":4395,"name":"dist_ru (2)(1).zip"}],"location":"Барклая 24","address":"Барклая 24","categories":["Технологическое оборудование","Подъемные и передвижные механизмы","Эскалатор, лифт, подъемник"],"category1":"Технологическое оборудование","category2":"Подъемные и передвижные механизмы","category3":"Эскалатор, лифт, подъемник","hasAttachments":true,"openCommunications":0,"totalCommunications":0,"actions":[]},{"id":149182,"applicant":{"fullName":"Алексей Карчевский","userName":"master","email":"a.karchevski@pflb.ru","location":"142784, г.Москва, Киевское шоссе, 22-й км,\nБП ComCity, домовл.6, стр.1","phone":"8 (000) 123-45-67","mobilePhone":"8 (000) 123-45-67","id":106},"header":"Течет в местах соединения и подвода воды, нарушена прокладка","text":"1234567890","createDate":1574684133020,"lastEditDate":1574684133025,"ticketState":"Новый","ticketStateId":-1,"serviceId":2848,"inventoryNumber":"000008","inventoryId":8,"syncMask":"PORTAL_ONLY","files":[{"id":4394,"name":"java.txt"}],"location":"Барклая 24","address":"Барклая 24","categories":["Инженерия","Сантехника","Кран, смеситель, душ"],"category1":"Инженерия","category2":"Сантехника","category3":"Кран, смеситель, душ","hasAttachments":true,"openCommunications":0,"totalCommunications":0,"actions":[]},{"id":149181,"applicant":{"fullName":"Алексей Карчевский","userName":"master","email":"a.karchevski@pflb.ru","location":"142784, г.Москва, Киевское шоссе, 22-й км,\nБП ComCity, домовл.6, стр.1","phone":"8 (000) 123-45-67","mobilePhone":"8 (000) 123-45-67","id":106},"header":"Снять /повесить акционный баннер","text":"weewvfcvva","createDate":1574684072495,"lastEditDate":1574684072512,"ticketState":"Новый","ticketStateId":-1,"serviceId":3196,"inventoryNumber":"000007","inventoryId":7,"syncMask":"PORTAL_ONLY","files":[{"id":4391,"name":"123.txt"}],"location":"Барклая 24","address":"Барклая 24","categories":["Внешняя и внутренняя реклама","Акционный баннер на фасаде"],"category1":"Внешняя и внутренняя реклама","category2":"Акционный баннер на фасаде","hasAttachments":true,"openCommunications":0,"totalCommunications":0,"actions":[]},{"id":149180,"applicant":{"fullName":"Алексей Карчевский","userName":"master","email":"a.karchevski@pflb.ru","location":"142784, г.Москва, Киевское шоссе, 22-й км,\nБП ComCity, домовл.6, стр.1","phone":"8 (000) 123-45-67","mobilePhone":"8 (000) 123-45-67","id":106},"header":"Снять /повесить акционный баннер","text":"weewvfcvva","createDate":1574683776163,"lastEditDate":1574683776169,"ticketState":"Новый","ticketStateId":-1,"serviceId":3196,"inventoryNumber":"000007","inventoryId":7,"syncMask":"PORTAL_ONLY","location":"Барклая 24","address":"Барклая 24","categories":["Внешняя и внутренняя реклама","Акционный баннер на фасаде"],"category1":"Внешняя и внутренняя реклама","category2":"Акционный баннер на фасаде","openCommunications":0,"totalCommunications":0,"actions":[]},{"id":149179,"applicant":{"fullName":"Алексей Карчевский","userName":"master","email":"a.karchevski@pflb.ru","location":"142784, г.Москва, Киевское шоссе, 22-й км,\nБП ComCity, домовл.6, стр.1","phone":"8 (000) 123-45-67","mobilePhone":"8 (000) 123-45-67","id":106},"header":"Требуется вывезти отработанные люминесцентные лампы","text":"5421533456235","createDate":1574683763609,"lastEditDate":1574683763614,"ticketState":"Новый","ticketStateId":-1,"serviceId":2814,"inventoryNumber":"000010","inventoryId":10,"syncMask":"PORTAL_ONLY","files":[{"id":4392,"name":"dist_ru (2)(1).zip"}],"location":"Изумрудная 14","address":"Изумрудная 14","categories":["Экология","Вывоз ртутьсодержащих ламп","Вывоз ртутьсодержащих ламп"],"category1":"Экология","category2":"Вывоз ртутьсодержащих ламп","category3":"Вывоз ртутьсодержащих ламп","hasAttachments":true,"openCommunications":0,"totalCommunications":0,"actions":[]},{"id":149178,"applicant":{"fullName":"Алексей Карчевский","userName":"master","email":"a.karchevski@pflb.ru","location":"142784, г.Москва, Киевское шоссе, 22-й км,\nБП ComCity, домовл.6, стр.1","phone":"8 (000) 123-45-67","mobilePhone":"8 (000) 123-45-67","id":106},"header":"Посадка кустарников","text":"test description","createDate":1574683687593,"lastEditDate":1574683687598,"ticketState":"Новый","ticketStateId":-1,"serviceId":2786,"inventoryNumber":"777","inventoryId":11,"viewed":true,"syncMask":"PORTAL_ONLY","files":[{"id":4388,"name":"userData.txt"}],"location":"Изумрудная 14","address":"Изумрудная 14","categories":["Экология","Уборка помещений и прилегающей территории","Уборка прилегающей территории"],"category1":"Экология","category2":"Уборка помещений и прилегающей территории","category3":"Уборка прилегающей территории","hasAttachments":true,"openCommunications":0,"totalCommunications":0,"actions":[]},{"id":149177,"applicant":{"fullName":"Алексей Карчевский","userName":"master","email":"a.karchevski@pflb.ru","location":"142784, г.Москва, Киевское шоссе, 22-й км,\nБП ComCity, домовл.6, стр.1","phone":"8 (000) 123-45-67","mobilePhone":"8 (000) 123-45-67","id":106},"header":"Рокла не поднимает вес","text":"123456","createDate":1574683409134,"lastEditDate":1574683409139,"ticketState":"Новый","ticketStateId":-1,"serviceId":2921,"inventoryNumber":"000007","inventoryId":7,"syncMask":"PORTAL_ONLY","location":"Барклая 24","address":"Барклая 24","categories":["Технологическое оборудование","Подъемные и передвижные механизмы","Роклы"],"category1":"Технологическое оборудование","category2":"Подъемные и передвижные механизмы","category3":"Роклы","openCommunications":0,"totalCommunications":0,"actions":[]},{"id":149176,"applicant":{"fullName":"Алексей Карчевский","userName":"master","email":"a.karchevski@pflb.ru","location":"142784, г.Москва, Киевское шоссе, 22-й км,\nБП ComCity, домовл.6, стр.1","phone":"8 (000) 123-45-67","mobilePhone":"8 (000) 123-45-67","id":106},"header":"Течет масло","text":"5451234","createDate":1574683328249,"lastEditDate":1574683328254,"ticketState":"Новый","ticketStateId":-1,"serviceId":2906,"inventoryNumber":"000010","inventoryId":10,"syncMask":"PORTAL_ONLY","files":[{"id":4390,"name":"dist_ru (2)(1).zip"}],"location":"Изумрудная 14","address":"Изумрудная 14","categories":["Технологическое оборудование","Инженерное оборудование","Пресс"],"category1":"Технологическое оборудование","category2":"Инженерное оборудование","category3":"Пресс","hasAttachments":true,"openCommunications":0,"totalCommunications":0,"actions":[]},{"id":149175,"applicant":{"fullName":"Алексей Карчевский","userName":"master","email":"a.karchevski@pflb.ru","location":"142784, г.Москва, Киевское шоссе, 22-й км,\nБП ComCity, домовл.6, стр.1","phone":"8 (000) 123-45-67","mobilePhone":"8 (000) 123-45-67","id":106},"header":"Не крутится транспортёрная лента","text":"12345678901234567890","createDate":1574683223058,"lastEditDate":1574683223063,"ticketState":"Новый","ticketStateId":-1,"serviceId":2882,"inventoryNumber":"000006","inventoryId":6,"syncMask":"PORTAL_ONLY","location":"Барклая 24","address":"Барклая 24","categories":["Технологическое оборудование","Кассовый стол и гидаж","Кассовый стол (педаль, лента транспортера)"],"category1":"Технологическое оборудование","category2":"Кассовый стол и гидаж","category3":"Кассовый стол (педаль, лента транспортера)","openCommunications":0,"totalCommunications":0,"actions":[]}],"last":false,"totalElements":19,"totalPages":2,"size":10,"number":0,"sort":[{"direction":"DESC","property":"id","ignoreCase":false,"nullHandling":"NATIVE","ascending":false,"descending":true}],"numberOfElements":10,"first":true}