{"id":149186,"applicant":{"fullName":"Алексей Карчевский","userName":"master","email":"a.karchevski@pflb.ru","location":"142784, г.Москва, Киевское шоссе, 22-й км,\nБП ComCity, домовл.6, стр.1","phone":"8 (000) 123-45-67","mobilePhone":"8 (000) 123-45-67","id":106},"header":"Вода не нагревается","text":"1234567890","createDate":1574684530899,"lastEditDate":1574684530904,"ticketStateId":-1,"serviceId":2850,"inventoryNumber":"000007","inventoryId":7,"syncMask":"PORTAL_ONLY","files":[{"id":4396,"name":"java.txt"}],"location":"Барклая 24","address":"Барклая 24","categories":["Инженерия","Сантехника","Водонагреватели"],"category1":"Инженерия","category2":"Сантехника","category3":"Водонагреватели","hasAttachments":true,"openCommunications":0,"totalCommunications":0,"actions":[]}