{
  "FilterHeaders": [
    {
      "Header": "x-requested-with",
      "IncludeInScript": true
    },
    {
      "Header": "user-agent",
      "IncludeInScript": false
    },
    {
      "Header": "ua-cpu",
      "IncludeInScript": true
    },
    {
      "Header": "origin",
      "IncludeInScript": true
    },
    {
      "Header": "if-modified-since",
      "IncludeInScript": false
    },
    {
      "Header": "cache-control",
      "IncludeInScript": false
    },
    {
      "Header": "accept-language",
      "IncludeInScript": false
    },
    {
      "Header": "accept-encoding",
      "IncludeInScript": false
    },
    {
      "Header": "accept",
      "IncludeInScript": false
    }
  ],
  "FilterResources": [
    {
      "IsNonResource": true,
      "type": "text/xml"
    },
    {
      "IsNonResource": true,
      "type": "text/html"
    },
    {
      "IsNonResource": false,
      "type": "text/css"
    },
    {
      "IsNonResource": false,
      "type": "image/png"
    },
    {
      "IsNonResource": false,
      "type": "application/vnd.ms-fontobject"
    },
    {
      "IsNonResource": false,
      "type": "application/octet-stream"
    },
    {
      "IsNonResource": true,
      "type": "application/json"
    },
    {
      "IsNonResource": false,
      "type": "application/javascript"
    },
    {
      "IsNonResource": false,
      "type": "application/font-woff"
    }
  ],
  "GeneralInfo": {
    "BrowserVersion": "",
    "MaxUsedConnections": 8,
    "RecordedBrowser": "Internet Explorer",
    "RecordingDate": "ноя-25-2019",
    "RecordingDuration": 249047,
    "RecordingTimeStamp": 1574683220,
    "TotalBytesReceived": 2630899,
    "TotalBytesSent": 58845,
    "TotalRequests": 88
  },
  "HostInfo": [
    {
      "DomainName": "microsoft.com",
      "Domains": [
        {
          "HTTPVersion": "HTTP/1.1",
          "IP": "152.199.19.161",
          "IncludeInScript": true,
          "Name": "iecvlist.microsoft.com",
          "Port": 443,
          "Requests": [
            {
              "CompressionType": "gzip",
              "DataType": "text/xml",
              "DownloadTime": 31,
              "EventId": 1174,
              "HttpStatus": 200,
              "Size": 26292,
              "URL": "https://iecvlist.microsoft.com/IE11/1478281996/iecompatviewlist.xml"
            }
          ],
          "SSLCipher": "ECDHE-RSA-AES256-SHA",
          "SSLVersion": "TLS1.1"
        }
      ],
      "IncludeInScript": true
    },
    {
      "DomainName": "learning2.pflb.ru",
      "Domains": [
        {
          "HTTPVersion": "HTTP/1.1",
          "IP": "94.159.69.182",
          "IncludeInScript": true,
          "Name": "learning2.pflb.ru",
          "Port": 56902,
          "Requests": [
            {
              "CompressionType": "",
              "DataType": "text/html",
              "DownloadTime": 15,
              "EventId": 1345,
              "HttpStatus": 200,
              "Size": 873,
              "URL": "http://learning2.pflb.ru:56902/login"
            },
            {
              "CompressionType": "",
              "DataType": "",
              "DownloadTime": 297,
              "EventId": 1343,
              "HttpStatus": 204,
              "Size": 0,
              "URL": "http://learning2.pflb.ru:56902/api/logout"
            },
            {
              "CompressionType": "",
              "DataType": "application/json",
              "DownloadTime": 828,
              "EventId": 1298,
              "HttpStatus": 200,
              "Size": 11225,
              "URL": "http://learning2.pflb.ru:56902/api/ticket/?state=-1,0,1,5&page=0&size=10"
            },
            {
              "CompressionType": "",
              "DataType": "application/json",
              "DownloadTime": 469,
              "EventId": 1294,
              "HttpStatus": 200,
              "Size": 11225,
              "URL": "http://learning2.pflb.ru:56902/api/ticket/?state=-1,0,1,5&page=0&size=10"
            },
            {
              "CompressionType": "",
              "DataType": "application/json",
              "DownloadTime": 0,
              "EventId": 1291,
              "HttpStatus": 200,
              "Size": 215,
              "URL": "http://learning2.pflb.ru:56902/api/ticket/countByState/"
            },
            {
              "CompressionType": "",
              "DataType": "application/javascript",
              "DownloadTime": 16,
              "EventId": 1287,
              "HttpStatus": 200,
              "Size": 17498,
              "URL": "http://learning2.pflb.ru:56902/engineer/tickets/tickets.js"
            },
            {
              "CompressionType": "",
              "DataType": "application/octet-stream",
              "DownloadTime": 15,
              "EventId": 1285,
              "HttpStatus": 200,
              "Size": 720,
              "URL": "http://learning2.pflb.ru:56902/engineer/tickets/tickets.dust"
            },
            {
              "CompressionType": "",
              "DataType": "application/json",
              "DownloadTime": 0,
              "EventId": 1283,
              "HttpStatus": 200,
              "Size": 215,
              "URL": "http://learning2.pflb.ru:56902/api/ticket/countByState/"
            },
            {
              "CompressionType": "",
              "DataType": "application/javascript",
              "DownloadTime": 16,
              "EventId": 1279,
              "HttpStatus": 200,
              "Size": 17498,
              "URL": "http://learning2.pflb.ru:56902/engineer/tickets/tickets.js"
            },
            {
              "CompressionType": "",
              "DataType": "application/octet-stream",
              "DownloadTime": 16,
              "EventId": 1277,
              "HttpStatus": 200,
              "Size": 720,
              "URL": "http://learning2.pflb.ru:56902/engineer/tickets/tickets.dust"
            },
            {
              "CompressionType": "",
              "DataType": "application/json",
              "DownloadTime": 16,
              "EventId": 1274,
              "HttpStatus": 200,
              "Size": 52,
              "URL": "http://learning2.pflb.ru:56902/api/ticket/countByState/4"
            },
            {
              "CompressionType": "",
              "DataType": "application/javascript",
              "DownloadTime": 15,
              "EventId": 1269,
              "HttpStatus": 200,
              "Size": 34579,
              "URL": "http://learning2.pflb.ru:56902/engineer/wrapper/wrapper.js"
            },
            {
              "CompressionType": "",
              "DataType": "application/octet-stream",
              "DownloadTime": 16,
              "EventId": 1265,
              "HttpStatus": 200,
              "Size": 20031,
              "URL": "http://learning2.pflb.ru:56902/engineer/wrapper/wrapper.dust"
            },
            {
              "CompressionType": "",
              "DataType": "application/json",
              "DownloadTime": 16,
              "EventId": 1260,
              "HttpStatus": 200,
              "Size": 277,
              "URL": "http://learning2.pflb.ru:56902/api/user/info"
            },
            {
              "CompressionType": "",
              "DataType": "application/json",
              "DownloadTime": 0,
              "EventId": 1255,
              "HttpStatus": 200,
              "Size": 92,
              "URL": "http://learning2.pflb.ru:56902/api/checkLogin"
            },
            {
              "CompressionType": "",
              "DataType": "application/javascript",
              "DownloadTime": 15,
              "EventId": 1250,
              "HttpStatus": 200,
              "Size": 43891,
              "URL": "http://learning2.pflb.ru:56902/js/core/jqueryformplugin.js?_=1574684554574"
            },
            {
              "CompressionType": "",
              "DataType": "",
              "DownloadTime": 78,
              "EventId": 1246,
              "HttpStatus": 304,
              "Size": 0,
              "URL": "http://learning2.pflb.ru:56902/"
            },
            {
              "CompressionType": "",
              "DataType": "application/json",
              "DownloadTime": 875,
              "EventId": 1235,
              "HttpStatus": 200,
              "Size": 933,
              "URL": "http://learning2.pflb.ru:56902/api/ticket/"
            },
            {
              "CompressionType": "",
              "DataType": "application/json",
              "DownloadTime": 578,
              "EventId": 1232,
              "HttpStatus": 200,
              "Size": 1717,
              "URL": "http://learning2.pflb.ru:56902/api/ticket/file/"
            },
            {
              "CompressionType": "",
              "DataType": "application/json",
              "DownloadTime": 15,
              "EventId": 1230,
              "HttpStatus": 200,
              "Size": 236,
              "URL": "http://learning2.pflb.ru:56902/api/inventoryNumbers?shopId=4&serviceId=2850&serviceId=2850&q=&page=0"
            },
            {
              "CompressionType": "",
              "DataType": "application/json",
              "DownloadTime": 235,
              "EventId": 1224,
              "HttpStatus": 200,
              "Size": 236,
              "URL": "http://learning2.pflb.ru:56902/api/inventoryNumbers?serviceId=2850&shopId=4"
            },
            {
              "CompressionType": "",
              "DataType": "application/json",
              "DownloadTime": 16,
              "EventId": 1217,
              "HttpStatus": 200,
              "Size": 236,
              "URL": "http://learning2.pflb.ru:56902/api/inventoryNumbers?serviceId=2849&shopId=4"
            },
            {
              "CompressionType": "",
              "DataType": "application/octet-stream",
              "DownloadTime": 0,
              "EventId": 1214,
              "HttpStatus": 200,
              "Size": 6254,
              "URL": "http://learning2.pflb.ru:56902/engineer/addticket.dust"
            },
            {
              "CompressionType": "",
              "DataType": "application/json",
              "DownloadTime": 15,
              "EventId": 1211,
              "HttpStatus": 200,
              "Size": 132,
              "URL": "http://learning2.pflb.ru:56902/api/user/catalog/breadcrumbs/165"
            },
            {
              "CompressionType": "",
              "DataType": "application/json",
              "DownloadTime": 0,
              "EventId": 1208,
              "HttpStatus": 200,
              "Size": 369,
              "URL": "http://learning2.pflb.ru:56902/api/user/catalog/node/165/service/"
            },
            {
              "CompressionType": "",
              "DataType": "application/json",
              "DownloadTime": 156,
              "EventId": 1205,
              "HttpStatus": 200,
              "Size": 2,
              "URL": "http://learning2.pflb.ru:56902/api/user/catalog/node/165/children/"
            },
            {
              "CompressionType": "",
              "DataType": "application/javascript",
              "DownloadTime": 31,
              "EventId": 1198,
              "HttpStatus": 200,
              "Size": 63526,
              "URL": "http://learning2.pflb.ru:56902/engineer/catalog/catalog.js"
            },
            {
              "CompressionType": "",
              "DataType": "application/octet-stream",
              "DownloadTime": 16,
              "EventId": 1196,
              "HttpStatus": 200,
              "Size": 510,
              "URL": "http://learning2.pflb.ru:56902/engineer/catalog/catalog.dust"
            },
            {
              "CompressionType": "",
              "DataType": "application/json",
              "DownloadTime": 453,
              "EventId": 1189,
              "HttpStatus": 200,
              "Size": 75659,
              "URL": "http://learning2.pflb.ru:56902/api/user/catalog/treeview?shopid=4"
            },
            {
              "CompressionType": "",
              "DataType": "application/json",
              "DownloadTime": 94,
              "EventId": 1186,
              "HttpStatus": 200,
              "Size": 907,
              "URL": "http://learning2.pflb.ru:56902/api/user/catalog/node/0/children/"
            },
            {
              "CompressionType": "",
              "DataType": "application/json",
              "DownloadTime": 172,
              "EventId": 1178,
              "HttpStatus": 200,
              "Size": 1015,
              "URL": "http://learning2.pflb.ru:56902/api/shops?q=&page=0"
            },
            {
              "CompressionType": "",
              "DataType": "image/png",
              "DownloadTime": 15,
              "EventId": 1122,
              "HttpStatus": 200,
              "Size": 158478,
              "URL": "http://learning2.pflb.ru:56902/images/logo-5ka.png"
            },
            {
              "CompressionType": "",
              "DataType": "application/json",
              "DownloadTime": 31,
              "EventId": 1119,
              "HttpStatus": 200,
              "Size": 907,
              "URL": "http://learning2.pflb.ru:56902/api/user/catalog/node/0/children/"
            },
            {
              "CompressionType": "",
              "DataType": "application/javascript",
              "DownloadTime": 0,
              "EventId": 1113,
              "HttpStatus": 200,
              "Size": 63526,
              "URL": "http://learning2.pflb.ru:56902/engineer/catalog/catalog.js"
            },
            {
              "CompressionType": "",
              "DataType": "application/octet-stream",
              "DownloadTime": 203,
              "EventId": 1111,
              "HttpStatus": 200,
              "Size": 510,
              "URL": "http://learning2.pflb.ru:56902/engineer/catalog/catalog.dust"
            },
            {
              "CompressionType": "",
              "DataType": "application/json",
              "DownloadTime": 781,
              "EventId": 1067,
              "HttpStatus": 200,
              "Size": 11201,
              "URL": "http://learning2.pflb.ru:56902/api/ticket/?state=-1,0,1,5&page=0&size=10"
            },
            {
              "CompressionType": "",
              "DataType": "application/json",
              "DownloadTime": 16,
              "EventId": 1064,
              "HttpStatus": 200,
              "Size": 215,
              "URL": "http://learning2.pflb.ru:56902/api/ticket/countByState/"
            },
            {
              "CompressionType": "",
              "DataType": "application/javascript",
              "DownloadTime": 16,
              "EventId": 1061,
              "HttpStatus": 200,
              "Size": 17498,
              "URL": "http://learning2.pflb.ru:56902/engineer/tickets/tickets.js"
            },
            {
              "CompressionType": "",
              "DataType": "application/octet-stream",
              "DownloadTime": 15,
              "EventId": 1059,
              "HttpStatus": 200,
              "Size": 720,
              "URL": "http://learning2.pflb.ru:56902/engineer/tickets/tickets.dust"
            },
            {
              "CompressionType": "",
              "DataType": "application/font-woff",
              "DownloadTime": 0,
              "EventId": 1051,
              "HttpStatus": 200,
              "Size": 57620,
              "URL": "http://learning2.pflb.ru:56902/css/fonts/material_icons/MaterialIcons-Regular.woff"
            },
            {
              "CompressionType": "",
              "DataType": "application/json",
              "DownloadTime": 15,
              "EventId": 1048,
              "HttpStatus": 200,
              "Size": 52,
              "URL": "http://learning2.pflb.ru:56902/api/ticket/countByState/4"
            },
            {
              "CompressionType": "",
              "DataType": "application/javascript",
              "DownloadTime": 0,
              "EventId": 1043,
              "HttpStatus": 200,
              "Size": 34579,
              "URL": "http://learning2.pflb.ru:56902/engineer/wrapper/wrapper.js"
            },
            {
              "CompressionType": "",
              "DataType": "application/octet-stream",
              "DownloadTime": 0,
              "EventId": 1039,
              "HttpStatus": 200,
              "Size": 20031,
              "URL": "http://learning2.pflb.ru:56902/engineer/wrapper/wrapper.dust"
            },
            {
              "CompressionType": "",
              "DataType": "application/json",
              "DownloadTime": 15,
              "EventId": 1034,
              "HttpStatus": 200,
              "Size": 277,
              "URL": "http://learning2.pflb.ru:56902/api/user/info"
            },
            {
              "CompressionType": "",
              "DataType": "application/json",
              "DownloadTime": 0,
              "EventId": 1031,
              "HttpStatus": 200,
              "Size": 92,
              "URL": "http://learning2.pflb.ru:56902/api/checkLogin"
            },
            {
              "CompressionType": "",
              "DataType": "application/javascript",
              "DownloadTime": 16,
              "EventId": 1025,
              "HttpStatus": 200,
              "Size": 43891,
              "URL": "http://learning2.pflb.ru:56902/js/core/jqueryformplugin.js?_=1574684351386"
            },
            {
              "CompressionType": "",
              "DataType": "application/javascript",
              "DownloadTime": 16,
              "EventId": 1017,
              "HttpStatus": 200,
              "Size": 26591,
              "URL": "http://learning2.pflb.ru:56902/js/core/materialTable.js"
            },
            {
              "CompressionType": "",
              "DataType": "application/javascript",
              "DownloadTime": 32,
              "EventId": 1015,
              "HttpStatus": 200,
              "Size": 2015,
              "URL": "http://learning2.pflb.ru:56902/js/core/helpers.js"
            },
            {
              "CompressionType": "",
              "DataType": "application/javascript",
              "DownloadTime": 16,
              "EventId": 1010,
              "HttpStatus": 200,
              "Size": 9274,
              "URL": "http://learning2.pflb.ru:56902/js/index.js"
            },
            {
              "CompressionType": "",
              "DataType": "application/javascript",
              "DownloadTime": 16,
              "EventId": 1008,
              "HttpStatus": 200,
              "Size": 8369,
              "URL": "http://learning2.pflb.ru:56902/js/core/polyphills.js"
            },
            {
              "CompressionType": "",
              "DataType": "application/javascript",
              "DownloadTime": 16,
              "EventId": 1001,
              "HttpStatus": 200,
              "Size": 15055,
              "URL": "http://learning2.pflb.ru:56902/js/core/materialize-select.js"
            },
            {
              "CompressionType": "",
              "DataType": "application/javascript",
              "DownloadTime": 16,
              "EventId": 998,
              "HttpStatus": 200,
              "Size": 11281,
              "URL": "http://learning2.pflb.ru:56902/js/core/materialize-pagination.js"
            },
            {
              "CompressionType": "",
              "DataType": "application/javascript",
              "DownloadTime": 16,
              "EventId": 995,
              "HttpStatus": 200,
              "Size": 160001,
              "URL": "http://learning2.pflb.ru:56902/js/core/materialize.min.js"
            },
            {
              "CompressionType": "",
              "DataType": "application/javascript",
              "DownloadTime": 16,
              "EventId": 992,
              "HttpStatus": 200,
              "Size": 2295,
              "URL": "http://learning2.pflb.ru:56902/js/core/custom-helpers.js"
            },
            {
              "CompressionType": "",
              "DataType": "application/javascript",
              "DownloadTime": 15,
              "EventId": 988,
              "HttpStatus": 200,
              "Size": 75005,
              "URL": "http://learning2.pflb.ru:56902/js/core/select2.full.min.js"
            },
            {
              "CompressionType": "",
              "DataType": "application/javascript",
              "DownloadTime": 0,
              "EventId": 982,
              "HttpStatus": 200,
              "Size": 12540,
              "URL": "http://learning2.pflb.ru:56902/js/core/dust-helpers.js"
            },
            {
              "CompressionType": "",
              "DataType": "application/javascript",
              "DownloadTime": 16,
              "EventId": 980,
              "HttpStatus": 200,
              "Size": 3406,
              "URL": "http://learning2.pflb.ru:56902/js/core/readmore.min.js"
            },
            {
              "CompressionType": "",
              "DataType": "application/javascript",
              "DownloadTime": 31,
              "EventId": 975,
              "HttpStatus": 200,
              "Size": 35688,
              "URL": "http://learning2.pflb.ru:56902/js/core/jquery.uploadfile.js"
            },
            {
              "CompressionType": "",
              "DataType": "application/javascript",
              "DownloadTime": 15,
              "EventId": 972,
              "HttpStatus": 200,
              "Size": 1326,
              "URL": "http://learning2.pflb.ru:56902/js/core/jquery.ee.router.js"
            },
            {
              "CompressionType": "",
              "DataType": "application/javascript",
              "DownloadTime": 16,
              "EventId": 968,
              "HttpStatus": 200,
              "Size": 9342,
              "URL": "http://learning2.pflb.ru:56902/js/core/clamp.js"
            },
            {
              "CompressionType": "",
              "DataType": "application/javascript",
              "DownloadTime": 16,
              "EventId": 966,
              "HttpStatus": 200,
              "Size": 4313,
              "URL": "http://learning2.pflb.ru:56902/js/core/jquery.maskedinput.js"
            },
            {
              "CompressionType": "",
              "DataType": "text/css",
              "DownloadTime": 15,
              "EventId": 962,
              "HttpStatus": 200,
              "Size": 3622,
              "URL": "http://learning2.pflb.ru:56902/css/company_2.css"
            },
            {
              "CompressionType": "",
              "DataType": "text/css",
              "DownloadTime": 31,
              "EventId": 959,
              "HttpStatus": 200,
              "Size": 1657,
              "URL": "http://learning2.pflb.ru:56902/css/core/uploadfile.css"
            },
            {
              "CompressionType": "",
              "DataType": "text/css",
              "DownloadTime": 32,
              "EventId": 957,
              "HttpStatus": 200,
              "Size": 15196,
              "URL": "http://learning2.pflb.ru:56902/css/core/select2.min.css"
            },
            {
              "CompressionType": "",
              "DataType": "text/css",
              "DownloadTime": 16,
              "EventId": 954,
              "HttpStatus": 200,
              "Size": 848,
              "URL": "http://learning2.pflb.ru:56902/css/core/ee-file-upload.css"
            },
            {
              "CompressionType": "",
              "DataType": "text/css",
              "DownloadTime": 16,
              "EventId": 952,
              "HttpStatus": 200,
              "Size": 23302,
              "URL": "http://learning2.pflb.ru:56902/css/core/quill.snow.css"
            },
            {
              "CompressionType": "",
              "DataType": "text/css",
              "DownloadTime": 16,
              "EventId": 950,
              "HttpStatus": 200,
              "Size": 136870,
              "URL": "http://learning2.pflb.ru:56902/css/core/materialize.min.css"
            },
            {
              "CompressionType": "",
              "DataType": "text/html",
              "DownloadTime": 0,
              "EventId": 948,
              "HttpStatus": 200,
              "Size": 1909,
              "URL": "http://learning2.pflb.ru:56902/"
            },
            {
              "CompressionType": "",
              "DataType": "",
              "DownloadTime": 219,
              "EventId": 946,
              "HttpStatus": 200,
              "Size": 146,
              "URL": "http://learning2.pflb.ru:56902/api/login"
            },
            {
              "CompressionType": "",
              "DataType": "image/png",
              "DownloadTime": 0,
              "EventId": 894,
              "HttpStatus": 200,
              "Size": 187417,
              "URL": "http://learning2.pflb.ru:56902/images/logo_2.png"
            },
            {
              "CompressionType": "",
              "DataType": "application/octet-stream",
              "DownloadTime": 15,
              "EventId": 891,
              "HttpStatus": 200,
              "Size": 1590,
              "URL": "http://learning2.pflb.ru:56902/tpl/login/login.dust"
            },
            {
              "CompressionType": "",
              "DataType": "application/octet-stream",
              "DownloadTime": 16,
              "EventId": 886,
              "HttpStatus": 200,
              "Size": 16219,
              "URL": "http://learning2.pflb.ru:56902/favicon.ico"
            },
            {
              "CompressionType": "",
              "DataType": "application/vnd.ms-fontobject",
              "DownloadTime": 31,
              "EventId": 880,
              "HttpStatus": 200,
              "Size": 20966,
              "URL": "http://learning2.pflb.ru:56902/css/fonts/roboto/Roboto-Bold.eot?"
            },
            {
              "CompressionType": "",
              "DataType": "application/vnd.ms-fontobject",
              "DownloadTime": 31,
              "EventId": 877,
              "HttpStatus": 200,
              "Size": 21320,
              "URL": "http://learning2.pflb.ru:56902/css/fonts/roboto/Roboto-Regular.eot?"
            },
            {
              "CompressionType": "",
              "DataType": "application/vnd.ms-fontobject",
              "DownloadTime": 31,
              "EventId": 874,
              "HttpStatus": 200,
              "Size": 21364,
              "URL": "http://learning2.pflb.ru:56902/css/fonts/roboto/Roboto-Medium.eot?"
            },
            {
              "CompressionType": "",
              "DataType": "application/vnd.ms-fontobject",
              "DownloadTime": 15,
              "EventId": 872,
              "HttpStatus": 200,
              "Size": 21659,
              "URL": "http://learning2.pflb.ru:56902/css/fonts/roboto/Roboto-Thin.eot?"
            },
            {
              "CompressionType": "",
              "DataType": "application/vnd.ms-fontobject",
              "DownloadTime": 0,
              "EventId": 866,
              "HttpStatus": 200,
              "Size": 20940,
              "URL": "http://learning2.pflb.ru:56902/css/fonts/roboto/Roboto-Light.eot?"
            },
            {
              "CompressionType": "",
              "DataType": "application/javascript",
              "DownloadTime": 31,
              "EventId": 830,
              "HttpStatus": 200,
              "Size": 3989,
              "URL": "http://learning2.pflb.ru:56902/js/page/authorisation.js"
            },
            {
              "CompressionType": "",
              "DataType": "application/javascript",
              "DownloadTime": 16,
              "EventId": 818,
              "HttpStatus": 200,
              "Size": 346444,
              "URL": "http://learning2.pflb.ru:56902/js/core/materialize.js"
            },
            {
              "CompressionType": "",
              "DataType": "application/javascript",
              "DownloadTime": 46,
              "EventId": 813,
              "HttpStatus": 200,
              "Size": 3121,
              "URL": "http://learning2.pflb.ru:56902/js/core/jquery.cookie.js"
            },
            {
              "CompressionType": "",
              "DataType": "text/css",
              "DownloadTime": 110,
              "EventId": 810,
              "HttpStatus": 200,
              "Size": 1201,
              "URL": "http://learning2.pflb.ru:56902/css/core/material_icons.css"
            },
            {
              "CompressionType": "",
              "DataType": "text/css",
              "DownloadTime": 94,
              "EventId": 805,
              "HttpStatus": 200,
              "Size": 177560,
              "URL": "http://learning2.pflb.ru:56902/css/core/materialize.css"
            },
            {
              "CompressionType": "",
              "DataType": "application/javascript",
              "DownloadTime": 78,
              "EventId": 800,
              "HttpStatus": 200,
              "Size": 162626,
              "URL": "http://learning2.pflb.ru:56902/js/core/dust.js"
            },
            {
              "CompressionType": "",
              "DataType": "application/javascript",
              "DownloadTime": 63,
              "EventId": 794,
              "HttpStatus": 200,
              "Size": 267194,
              "URL": "http://learning2.pflb.ru:56902/js/core/jquery-3.1.1.js"
            },
            {
              "CompressionType": "",
              "DataType": "text/css",
              "DownloadTime": 63,
              "EventId": 792,
              "HttpStatus": 200,
              "Size": 49195,
              "URL": "http://learning2.pflb.ru:56902/css/style.css"
            },
            {
              "CompressionType": "",
              "DataType": "application/javascript",
              "DownloadTime": 63,
              "EventId": 790,
              "HttpStatus": 200,
              "Size": 438,
              "URL": "http://learning2.pflb.ru:56902/js/core/legacy.js"
            },
            {
              "CompressionType": "",
              "DataType": "text/html",
              "DownloadTime": 234,
              "EventId": 788,
              "HttpStatus": 200,
              "Size": 873,
              "URL": "http://learning2.pflb.ru:56902/login"
            }
          ],
          "SSLCipher": "None",
          "SSLVersion": "None"
        }
      ],
      "IncludeInScript": true
    }
  ],
  "WebSocket": {
    "IncludeInScript": false,
    "IsScriptIncludeWebSocket": false
  },
  "NumberOfCorrelations": 4
}